This is XeTeX, Version 3.141592653-2.6-0.999998 (TeX Live 2026) (preloaded format=xelatex 2026.9.4)  22 SEP 2026 13:57
entering extended mode
 restricted \write18 enabled.
 %&-line parsing enabled.
**main.tex
(./main.tex
LaTeX2e <2025-11-01>
L3 programming layer <2026-01-19>
(/usr/local/texlive/2026/texmf-dist/tex/latex/base/article.cls
Document Class: article 2025/01/22 v1.4n Standard LaTeX document class
(/usr/local/texlive/2026/texmf-dist/tex/latex/base/size10.clo
File: size10.clo 2025/01/22 v1.4n Standard LaTeX file (size option)
)
\c@part=\count271
\c@section=\count272
\c@subsection=\count273
\c@subsubsection=\count274
\c@paragraph=\count275
\c@subparagraph=\count276
\c@figure=\count277
\c@table=\count278
\abovecaptionskip=\skip49
\belowcaptionskip=\skip50
\bibindent=\dimen148
)
(/usr/local/texlive/2026/texmf-dist/tex/latex/fontsize/fontsize.sty
Package: fontsize 2024/12/04 v0.9 'fontsize' package. Set main font sizes (Ivan
 Valbusa)

(/usr/local/texlive/2026/texmf-dist/tex/latex/xkeyval/xkeyval.sty
Package: xkeyval 2025/11/04 v2.10 package option processing (HA)

(/usr/local/texlive/2026/texmf-dist/tex/generic/xkeyval/xkeyval.tex
(/usr/local/texlive/2026/texmf-dist/tex/generic/xkeyval/xkvutils.tex
\XKV@toks=\toks17
\XKV@tempa@toks=\toks18
\XKV@tempb@toks=\toks19

(/usr/local/texlive/2026/texmf-dist/tex/generic/xkeyval/keyval.tex))
\XKV@depth=\count279
File: xkeyval.tex 2014/12/03 v2.7a key=value parser (HA)
)))
(/usr/local/texlive/2026/texmf-dist/tex/latex/fontspec/fontspec.sty
(/usr/local/texlive/2026/texmf-dist/tex/latex/l3packages/xparse/xparse.sty
(/usr/local/texlive/2026/texmf-dist/tex/latex/l3kernel/expl3.sty
Package: expl3 2026-01-19 L3 programming layer (loader) 

(/usr/local/texlive/2026/texmf-dist/tex/latex/l3backend/l3backend-xetex.def
File: l3backend-xetex.def 2025-10-09 L3 backend support: XeTeX
\g__graphics_track_int=\count280
\g__pdfannot_backend_int=\count281
\g__pdfannot_backend_link_int=\count282
))
Package: xparse 2025-10-09 L3 Experimental document command parser
)
Package: fontspec 2025/09/29 v2.9g Font selection for XeLaTeX and LuaLaTeX

(/usr/local/texlive/2026/texmf-dist/tex/latex/fontspec/fontspec-xetex.sty
Package: fontspec-xetex 2025/09/29 v2.9g Font selection for XeLaTeX and LuaLaTe
X
\l__fontspec_script_int=\count283
\l__fontspec_language_int=\count284
\l__fontspec_strnum_int=\count285
\l__fontspec_tmp_int=\count286
\l__fontspec_tmpa_int=\count287
\l__fontspec_tmpb_int=\count288
\l__fontspec_tmpc_int=\count289
\l__fontspec_em_int=\count290
\l__fontspec_emdef_int=\count291
\l__fontspec_strong_int=\count292
\l__fontspec_strongdef_int=\count293
\l__fontspec_tmpa_dim=\dimen149
\l__fontspec_tmpb_dim=\dimen150
\l__fontspec_tmpc_dim=\dimen151

(/usr/local/texlive/2026/texmf-dist/tex/latex/base/fontenc.sty
Package: fontenc 2025/07/18 v2.1d Standard LaTeX package
)
(/usr/local/texlive/2026/texmf-dist/tex/latex/fontspec/fontspec.cfg)))

Package fontspec Info: 
(fontspec)             Font family 'TimesNewRoman(0)' created for font 'Times
(fontspec)             New Roman' with options [Ligatures=TeX,Ligatures=TeX].
(fontspec)              
(fontspec)              This font family consists of the following NFSS
(fontspec)             series/shapes:
(fontspec)              
(fontspec)             - 'normal' (m/n) with NFSS spec.: <->"Times New
(fontspec)             Roman/OT:script=latn;language=dflt;mapping=tex-text;"
(fontspec)             - 'bold' (b/n) with NFSS spec.: <->"Times New
(fontspec)             Roman/B/OT:script=latn;language=dflt;mapping=tex-text;"
(fontspec)             - 'italic' (m/it) with NFSS spec.: <->"Times New
(fontspec)             Roman/I/OT:script=latn;language=dflt;mapping=tex-text;"
(fontspec)             - 'bold italic' (b/it) with NFSS spec.: <->"Times New
(fontspec)             Roman/BI/OT:script=latn;language=dflt;mapping=tex-text;"



Package fontspec Info: 
(fontspec)             Font family 'Arial(0)' created for font 'Arial' with
(fontspec)             options [Ligatures=TeX,Ligatures=TeX].
(fontspec)              
(fontspec)              This font family consists of the following NFSS
(fontspec)             series/shapes:
(fontspec)              
(fontspec)             - 'normal' (m/n) with NFSS spec.:
(fontspec)             <->"Arial/OT:script=latn;language=dflt;mapping=tex-text;
"
(fontspec)             - 'bold' (b/n) with NFSS spec.:
(fontspec)             <->"Arial/B/OT:script=latn;language=dflt;mapping=tex-tex
t;"
(fontspec)             - 'italic' (m/it) with NFSS spec.:
(fontspec)             <->"Arial/I/OT:script=latn;language=dflt;mapping=tex-tex
t;"
(fontspec)             - 'bold italic' (b/it) with NFSS spec.:
(fontspec)             <->"Arial/BI/OT:script=latn;language=dflt;mapping=tex-te
xt;"


Package fontspec Info: 
(fontspec)             Font family 'CourierNew(0)' created for font 'Courier
(fontspec)             New' with options
(fontspec)             [Ligatures=TeX,WordSpace={1,0,0},HyphenChar=None,Punctua
tionSpace=WordSpace].
(fontspec)              
(fontspec)              This font family consists of the following NFSS
(fontspec)             series/shapes:
(fontspec)              
(fontspec)             - 'normal' (m/n) with NFSS spec.: <->"Courier
(fontspec)             New/OT:script=latn;language=dflt;mapping=tex-text;"
(fontspec)             - 'bold' (b/n) with NFSS spec.: <->"Courier
(fontspec)             New/B/OT:script=latn;language=dflt;mapping=tex-text;"
(fontspec)             - 'italic' (m/it) with NFSS spec.: <->"Courier
(fontspec)             New/I/OT:script=latn;language=dflt;mapping=tex-text;"
(fontspec)             - 'bold italic' (b/it) with NFSS spec.: <->"Courier
(fontspec)             New/BI/OT:script=latn;language=dflt;mapping=tex-text;"


(/usr/local/texlive/2026/texmf-dist/tex/generic/babel/babel.sty
Package: babel 2026/03/08 v26.4 The multilingual framework for LuaLaTeX, pdfLaT
eX and XeLaTeX
\babel@savecnt=\count294
LaTeX Encoding Info:    Redeclaring text command \ij (encoding OT1) on input li
ne 2078.
LaTeX Encoding Info:    Redeclaring text command \IJ (encoding OT1) on input li
ne 2080.
LaTeX Encoding Info:    Redeclaring text command \ij (encoding T1) on input lin
e 2082.
LaTeX Encoding Info:    Redeclaring text command \IJ (encoding T1) on input lin
e 2083.
LaTeX Encoding Info:    Ignoring declaration for text command \ij (encoding ?) 
on input line 2084.
LaTeX Encoding Info:    Ignoring declaration for text command \IJ (encoding ?) 
on input line 2086.
LaTeX Encoding Info:    Ignoring declaration for text command \SS (encoding ?) 
on input line 2111.
\U@D=\dimen152
\l@unhyphenated=\language91

(/usr/local/texlive/2026/texmf-dist/tex/generic/babel/xebabel.def)
\bbl@readstream=\read2
\bbl@dirlevel=\count295

(/usr/local/texlive/2026/texmf-dist/tex/generic/babel/locale/vi/babel-vietnames
e.tex)
Package babel Info: Importing font and identification data for vietnamese
(babel)             from babel-vi.ini. Reported on input line 4330.

(/usr/local/texlive/2026/texmf-dist/tex/generic/babel-vietnamese/vietnamese.ldf
Language: vietnamese 
Package babel Info: Making " an active character on input line 147.
)) (/usr/local/texlive/2026/texmf-dist/tex/latex/geometry/geometry.sty
Package: geometry 2026/03/07 v6.0 Page Geometry

(/usr/local/texlive/2026/texmf-dist/tex/generic/iftex/ifvtex.sty
Package: ifvtex 2019/10/25 v1.7 ifvtex legacy package. Use iftex instead.

(/usr/local/texlive/2026/texmf-dist/tex/generic/iftex/iftex.sty
Package: iftex 2024/12/12 v1.0g TeX engine tests
))
\Gm@cnth=\count296
\Gm@cntv=\count297
\c@Gm@tempcnt=\count298
\Gm@bindingoffset=\dimen153
\Gm@wd@mp=\dimen154
\Gm@odd@mp=\dimen155
\Gm@even@mp=\dimen156
\Gm@layoutwidth=\dimen157
\Gm@layoutheight=\dimen158
\Gm@layouthoffset=\dimen159
\Gm@layoutvoffset=\dimen160
\Gm@dimlist=\toks20
)
(/usr/local/texlive/2026/texmf-dist/tex/latex/setspace/setspace.sty
Package: setspace 2022/12/04 v6.7b set line spacing
)
(/usr/local/texlive/2026/texmf-dist/tex/latex/tools/indentfirst.sty
Package: indentfirst 2023/07/02 v1.03 Indent first paragraph (DPC)
)
(/usr/local/texlive/2026/texmf-dist/tex/latex/amsmath/amsmath.sty
Package: amsmath 2025/07/09 v2.17z AMS math features
\@mathmargin=\skip51

For additional information on amsmath, use the `?' option.
(/usr/local/texlive/2026/texmf-dist/tex/latex/amsmath/amstext.sty
Package: amstext 2024/11/17 v2.01 AMS text

(/usr/local/texlive/2026/texmf-dist/tex/latex/amsmath/amsgen.sty
File: amsgen.sty 1999/11/30 v2.0 generic functions
\@emptytoks=\toks21
\ex@=\dimen161
))
(/usr/local/texlive/2026/texmf-dist/tex/latex/amsmath/amsbsy.sty
Package: amsbsy 1999/11/29 v1.2d Bold Symbols
\pmbraise@=\dimen162
)
(/usr/local/texlive/2026/texmf-dist/tex/latex/amsmath/amsopn.sty
Package: amsopn 2022/04/08 v2.04 operator names
)
\inf@bad=\count299
LaTeX Info: Redefining \frac on input line 233.
\uproot@=\count300
\leftroot@=\count301
LaTeX Info: Redefining \overline on input line 398.
LaTeX Info: Redefining \colon on input line 409.
\classnum@=\count302
\DOTSCASE@=\count303
LaTeX Info: Redefining \ldots on input line 495.
LaTeX Info: Redefining \dots on input line 498.
LaTeX Info: Redefining \cdots on input line 619.
\Mathstrutbox@=\box53
\strutbox@=\box54
LaTeX Info: Redefining \big on input line 721.
LaTeX Info: Redefining \Big on input line 722.
LaTeX Info: Redefining \bigg on input line 723.
LaTeX Info: Redefining \Bigg on input line 724.
\big@size=\dimen163
LaTeX Font Info:    Redeclaring font encoding OML on input line 742.
LaTeX Font Info:    Redeclaring font encoding OMS on input line 743.
\macc@depth=\count304
LaTeX Info: Redefining \bmod on input line 904.
LaTeX Info: Redefining \pmod on input line 909.
LaTeX Info: Redefining \smash on input line 939.
LaTeX Info: Redefining \relbar on input line 969.
LaTeX Info: Redefining \Relbar on input line 970.
\c@MaxMatrixCols=\count305
\dotsspace@=\muskip17
\c@parentequation=\count306
\dspbrk@lvl=\count307
\tag@help=\toks22
\row@=\count308
\column@=\count309
\maxfields@=\count310
\andhelp@=\toks23
\eqnshift@=\dimen164
\alignsep@=\dimen165
\tagshift@=\dimen166
\tagwidth@=\dimen167
\totwidth@=\dimen168
\lineht@=\dimen169
\@envbody=\toks24
\multlinegap=\skip52
\multlinetaggap=\skip53
\mathdisplay@stack=\toks25
LaTeX Info: Redefining \[ on input line 2950.
LaTeX Info: Redefining \] on input line 2951.
)
(/usr/local/texlive/2026/texmf-dist/tex/latex/amsfonts/amssymb.sty
Package: amssymb 2013/01/14 v3.01 AMS font symbols

(/usr/local/texlive/2026/texmf-dist/tex/latex/amsfonts/amsfonts.sty
Package: amsfonts 2013/01/14 v3.01 Basic AMSFonts support
\symAMSa=\mathgroup4
\symAMSb=\mathgroup5
LaTeX Font Info:    Redeclaring math symbol \hbar on input line 98.
LaTeX Font Info:    Overwriting math alphabet `\mathfrak' in version `bold'
(Font)                  U/euf/m/n --> U/euf/b/n on input line 106.
))
(/usr/local/texlive/2026/texmf-dist/tex/latex/amscls/amsthm.sty
Package: amsthm 2020/05/29 v2.20.6
\thm@style=\toks26
\thm@bodyfont=\toks27
\thm@headfont=\toks28
\thm@notefont=\toks29
\thm@headpunct=\toks30
\thm@preskip=\skip54
\thm@postskip=\skip55
\thm@headsep=\skip56
\dth@everypar=\toks31
)
(/usr/local/texlive/2026/texmf-dist/tex/latex/amsmath/amscd.sty
Package: amscd 2017/04/14 v2.1 AMS Commutative Diagrams
\athelp@=\toks32
\minaw@=\dimen170
\bigaw@=\dimen171
\minCDarrowwidth=\dimen172
)
(/usr/local/texlive/2026/texmf-dist/tex/latex/cancel/cancel.sty
Package: cancel 2013/04/12 v2.2 Cancel math terms
)
(/usr/local/texlive/2026/texmf-dist/tex/generic/ulem/ulem.sty
\UL@box=\box55
\UL@hyphenbox=\box56
\UL@skip=\skip57
\UL@hook=\toks33
\UL@height=\dimen173
\UL@pe=\count311
\UL@pixel=\dimen174
\ULC@box=\box57
Package: ulem 2019/11/18
\ULdepth=\dimen175
)
\c@theorem=\count312
\c@property=\count313
\c@proposition=\count314
\c@exer=\count315

(/usr/local/texlive/2026/texmf-dist/tex/latex/xcolor/xcolor.sty
Package: xcolor 2024/09/29 v3.02 LaTeX color extensions (UK)

(/usr/local/texlive/2026/texmf-dist/tex/latex/graphics-cfg/color.cfg
File: color.cfg 2016/01/02 v1.6 sample color configuration
)
Package xcolor Info: Driver file: xetex.def on input line 274.

(/usr/local/texlive/2026/texmf-dist/tex/latex/graphics-def/xetex.def
File: xetex.def 2025/11/01 v5.0p Graphics/color driver for xetex
)
(/usr/local/texlive/2026/texmf-dist/tex/latex/graphics/mathcolor.ltx)
Package xcolor Info: Model `cmy' substituted by `cmy0' on input line 1349.
Package xcolor Info: Model `RGB' extended on input line 1365.
Package xcolor Info: Model `HTML' substituted by `rgb' on input line 1367.
Package xcolor Info: Model `Hsb' substituted by `hsb' on input line 1368.
Package xcolor Info: Model `tHsb' substituted by `hsb' on input line 1369.
Package xcolor Info: Model `HSB' substituted by `hsb' on input line 1370.
Package xcolor Info: Model `Gray' substituted by `gray' on input line 1371.
Package xcolor Info: Model `wave' substituted by `hsb' on input line 1372.
)
(/usr/local/texlive/2026/texmf-dist/tex/latex/graphics/graphicx.sty
Package: graphicx 2024/12/31 v1.2e Enhanced LaTeX Graphics (DPC,SPQR)

(/usr/local/texlive/2026/texmf-dist/tex/latex/graphics/graphics.sty
Package: graphics 2024/08/06 v1.4g Standard LaTeX Graphics (DPC,SPQR)

(/usr/local/texlive/2026/texmf-dist/tex/latex/graphics/trig.sty
Package: trig 2023/12/02 v1.11 sin cos tan (DPC)
)
(/usr/local/texlive/2026/texmf-dist/tex/latex/graphics-cfg/graphics.cfg
File: graphics.cfg 2016/06/04 v1.11 sample graphics configuration
)
Package graphics Info: Driver file: xetex.def on input line 106.
)
\Gin@req@height=\dimen176
\Gin@req@width=\dimen177
)
(/usr/local/texlive/2026/texmf-dist/tex/latex/tools/array.sty
Package: array 2025/09/25 v2.6n Tabular extension package (FMi)
\col@sep=\dimen178
\ar@mcellbox=\box58
\extrarowheight=\dimen179
\NC@list=\toks34
\extratabsurround=\skip58
\backup@length=\skip59
\ar@cellbox=\box59
)
(/usr/local/texlive/2026/texmf-dist/tex/latex/tools/tabularx.sty
Package: tabularx 2023/12/11 v2.12a `tabularx' package (DPC)
\TX@col@width=\dimen180
\TX@old@table=\dimen181
\TX@old@col=\dimen182
\TX@target=\dimen183
\TX@delta=\dimen184
\TX@cols=\count316
\TX@ftn=\toks35
)
(/usr/local/texlive/2026/texmf-dist/tex/latex/tools/longtable.sty
Package: longtable 2025-10-13 v4.24 Multi-page Table package (DPC)
\LTleft=\skip60
\LTright=\skip61
\LTpre=\skip62
\LTpost=\skip63
\LTchunksize=\count317
\LTcapwidth=\dimen185
\LT@head=\box60
\LT@firsthead=\box61
\LT@foot=\box62
\LT@lastfoot=\box63
\LT@gbox=\box64
\LT@cols=\count318
\LT@rows=\count319
\c@LT@tables=\count320
\c@LT@chunks=\count321
\LT@p@ftn=\toks36
)
(/usr/local/texlive/2026/texmf-dist/tex/latex/multirow/multirow.sty
Package: multirow 2024/11/12 v2.9 Span multiple rows of a table
\multirow@colwidth=\skip64
\multirow@cntb=\count322
\multirow@dima=\skip65
\bigstrutjot=\dimen186
)
(/usr/local/texlive/2026/texmf-dist/tex/latex/booktabs/booktabs.sty
Package: booktabs 2020/01/12 v1.61803398 Publication quality tables
\heavyrulewidth=\dimen187
\lightrulewidth=\dimen188
\cmidrulewidth=\dimen189
\belowrulesep=\dimen190
\belowbottomsep=\dimen191
\aboverulesep=\dimen192
\abovetopsep=\dimen193
\cmidrulesep=\dimen194
\cmidrulekern=\dimen195
\defaultaddspace=\dimen196
\@cmidla=\count323
\@cmidlb=\count324
\@aboverulesep=\dimen197
\@belowrulesep=\dimen198
\@thisruleclass=\count325
\@lastruleclass=\count326
\@thisrulewidth=\dimen199
)
(/usr/local/texlive/2026/texmf-dist/tex/latex/tools/hhline.sty
Package: hhline 2020/01/04 v2.04 Table rule package (DPC)
)
(/usr/local/texlive/2026/texmf-dist/tex/latex/diagbox/diagbox.sty
Package: diagbox 2020/02/09 v2.3 Making table heads with diagonal lines

(/usr/local/texlive/2026/texmf-dist/tex/latex/pict2e/pict2e.sty
Package: pict2e 2020/09/30 v0.4b Improved picture commands (HjG,RN,JT)

(/usr/local/texlive/2026/texmf-dist/tex/latex/pict2e/pict2e.cfg
File: pict2e.cfg 2016/02/05 v0.1u pict2e configuration for teTeX/TeXLive
)
Package pict2e Info: Driver file: xetex.def on input line 112.
Package pict2e Info: Driver file for pict2e: p2e-xetex.def on input line 114.

(/usr/local/texlive/2026/texmf-dist/tex/latex/pict2e/p2e-xetex.def
File: p2e-xetex.def 2016/02/05 v0.1u Driver-dependant file (RN,HjG,JT)
)
\pIIe@GRAPH=\toks37
\@arclen=\dimen256
\@arcrad=\dimen257
\pIIe@tempdima=\dimen258
\pIIe@tempdimb=\dimen259
\pIIe@tempdimc=\dimen260
\pIIe@tempdimd=\dimen261
\pIIe@tempdime=\dimen262
\pIIe@tempdimf=\dimen263
)
(/usr/local/texlive/2026/texmf-dist/tex/latex/tools/calc.sty
Package: calc 2025/03/01 v4.3b Infix arithmetic (KKT,FJ)
\calc@Acount=\count327
\calc@Bcount=\count328
\calc@Adimen=\dimen264
\calc@Bdimen=\dimen265
\calc@Askip=\skip66
\calc@Bskip=\skip67
LaTeX Info: Redefining \setlength on input line 86.
LaTeX Info: Redefining \addtolength on input line 87.
\calc@Ccount=\count329
\calc@Cskip=\skip68
)
\diagbox@boxa=\box65
\diagbox@boxb=\box66
\diagbox@boxm=\box67
\diagbox@wd=\dimen266
\diagbox@ht=\dimen267
\diagbox@insepl=\dimen268
\diagbox@insepr=\dimen269
\diagbox@outsepl=\dimen270
\diagbox@outsepr=\dimen271
)
(/usr/local/texlive/2026/texmf-dist/tex/latex/colortbl/colortbl.sty
Package: colortbl 2024/10/29 v1.0k Color table columns (DPC)
\everycr=\toks38
\minrowclearance=\skip69
\rownum=\count330
)
(/usr/local/texlive/2026/texmf-dist/tex/latex/float/float.sty
Package: float 2001/11/08 v1.3d Float enhancements (AL)
\c@float@type=\count331
\float@exts=\toks39
\float@box=\box68
\@float@everytoks=\toks40
\@floatcapt=\box69
)
(/usr/local/texlive/2026/texmf-dist/tex/latex/tools/multicol.sty
Package: multicol 2025/10/21 v2.0b multicolumn formatting (FMi)
\c@tracingmulticols=\count332
\mult@box=\box70
\multicol@leftmargin=\dimen272
\c@unbalance=\count333
\c@collectmore=\count334
\doublecol@number=\count335
\multicoltolerance=\count336
\multicolpretolerance=\count337
\full@width=\dimen273
\page@free=\dimen274
\premulticols=\dimen275
\postmulticols=\dimen276
\multicolsep=\skip70
\multicolbaselineskip=\skip71
\partial@page=\box71
\last@line=\box72
\mc@boxedresult=\box73
\maxbalancingoverflow=\dimen277
\mult@rightbox=\box74
\mult@grightbox=\box75
\mult@firstbox=\box76
\mult@gfirstbox=\box77
\@tempa=\box78
\@tempa=\box79
\@tempa=\box80
\@tempa=\box81
\@tempa=\box82
\@tempa=\box83
\@tempa=\box84
\@tempa=\box85
\@tempa=\box86
\@tempa=\box87
\@tempa=\box88
\@tempa=\box89
\@tempa=\box90
\@tempa=\box91
\@tempa=\box92
\@tempa=\box93
\@tempa=\box94
\@tempa=\box95
\@tempa=\box96
\@tempa=\box97
\@tempa=\box98
\@tempa=\box99
\@tempa=\box100
\@tempa=\box101
\@tempa=\box102
\@tempa=\box103
\@tempa=\box104
\@tempa=\box105
\@tempa=\box106
\@tempa=\box107
\@tempa=\box108
\@tempa=\box109
\@tempa=\box110
\@tempa=\box111
\@tempa=\box112
\@tempa=\box113
\c@minrows=\count338
\c@columnbadness=\count339
\c@finalcolumnbadness=\count340
\last@try=\dimen278
\multicolovershoot=\dimen279
\multicolundershoot=\dimen280
\mult@nat@firstbox=\box114
\colbreak@box=\box115
\mc@col@check@num=\count341
\g__mc_curr_col_int=\count342
)
(/usr/local/texlive/2026/texmf-dist/tex/latex/graphics/rotating.sty
Package: rotating 2025/01/14 v2.16e rotated objects in LaTeX

(/usr/local/texlive/2026/texmf-dist/tex/latex/base/ifthen.sty
Package: ifthen 2024/03/16 v1.1e Standard LaTeX ifthen package (DPC)
)
\c@r@tfl@t=\count343
\rotFPtop=\skip72
\rotFPbot=\skip73
\rot@float@box=\box116
\rot@mess@toks=\toks41
)
(/usr/local/texlive/2026/texmf-dist/tex/latex/caption/caption.sty
Package: caption 2023/08/05 v3.6o Customizing captions (AR)

(/usr/local/texlive/2026/texmf-dist/tex/latex/caption/caption3.sty
Package: caption3 2023/07/31 v2.4d caption3 kernel (AR)
\caption@tempdima=\dimen281
\captionmargin=\dimen282
\caption@leftmargin=\dimen283
\caption@rightmargin=\dimen284
\caption@width=\dimen285
\caption@indent=\dimen286
\caption@parindent=\dimen287
\caption@hangindent=\dimen288
Package caption Info: Standard document class detected.
)
\c@caption@flags=\count344
\c@continuedfloat=\count345
Package caption Info: float package is loaded.
Package caption Info: longtable package is loaded.

(/usr/local/texlive/2026/texmf-dist/tex/latex/caption/ltcaption.sty
Package: ltcaption 2021/01/08 v1.4c longtable captions (AR)
)
Package caption Info: rotating package is loaded.
)
(/usr/local/texlive/2026/texmf-dist/tex/latex/caption/subcaption.sty
Package: subcaption 2023/07/28 v1.6b Sub-captions (AR)
Package caption Info: New subtype `subfigure' on input line 238.
\c@subfigure=\count346
Package caption Info: New subtype `subtable' on input line 238.
\c@subtable=\count347
)
(/usr/local/texlive/2026/texmf-dist/tex/latex/algorithm2e/algorithm2e.sty
Invalid UTF-8 byte or sequence at line 284 replaced by U+FFFD.
Invalid UTF-8 byte or sequence at line 299 replaced by U+FFFD.
Invalid UTF-8 byte or sequence at line 550 replaced by U+FFFD.
Package: algorithm2e 2017/07/18 v5.2 algorithms environments
\c@AlgoLine=\count348
\algocf@hangindent=\skip74

(/usr/local/texlive/2026/texmf-dist/tex/latex/ifoddpage/ifoddpage.sty
Package: ifoddpage 2022/10/18 v1.2 Conditionals for odd/even page detection
\c@checkoddpage=\count349
)
(/usr/local/texlive/2026/texmf-dist/tex/latex/tools/xspace.sty
Package: xspace 2014/10/28 v1.13 Space after command names (DPC,MH)
)
(/usr/local/texlive/2026/texmf-dist/tex/latex/relsize/relsize.sty
Package: relsize 2013/03/29 ver 4.1
LaTeX Info: Redefining \larger on input line 150.
)
\skiptotal=\skip75
\skiplinenumber=\skip76
\skiprule=\skip77
\skiphlne=\skip78
\skiptext=\skip79
\skiplength=\skip80
\algomargin=\skip81
\skipalgocfslide=\skip82
\algowidth=\dimen289
\inoutsize=\dimen290
\inoutindent=\dimen291
\interspacetitleruled=\dimen292
\interspacealgoruled=\dimen293
\interspacetitleboxruled=\dimen294
\algocf@ruledwidth=\skip83
\algocf@inoutbox=\box117
\algocf@inputbox=\box118
\AlCapSkip=\skip84
\AlCapHSkip=\skip85
\algoskipindent=\skip86
\algocf@nlbox=\box119
\algocf@hangingbox=\box120
\algocf@untilbox=\box121
\algocf@skipuntil=\skip87
\algocf@capbox=\box122
\algocf@lcaptionbox=\skip88
\algoheightruledefault=\skip89
\algoheightrule=\skip90
\algotitleheightruledefault=\skip91
\algotitleheightrule=\skip92
\c@algocfline=\count350
\c@algocfproc=\count351
\c@algocf=\count352
\algocf@algoframe=\box123
\algocf@algobox=\box124
)
(/usr/local/texlive/2026/texmf-dist/tex/latex/mdframed/mdframed.sty
Package: mdframed 2013/07/01 1.9b: mdframed

(/usr/local/texlive/2026/texmf-dist/tex/latex/kvoptions/kvoptions.sty
Package: kvoptions 2022-06-15 v3.15 Key value format for package options (HO)

(/usr/local/texlive/2026/texmf-dist/tex/generic/ltxcmds/ltxcmds.sty
Package: ltxcmds 2023-12-04 v1.26 LaTeX kernel commands for general use (HO)
)
(/usr/local/texlive/2026/texmf-dist/tex/latex/kvsetkeys/kvsetkeys.sty
Package: kvsetkeys 2022-10-05 v1.19 Key value parser (HO)
))
(/usr/local/texlive/2026/texmf-dist/tex/latex/etoolbox/etoolbox.sty
Package: etoolbox 2025/10/02 v2.5m e-TeX tools for LaTeX (JAW)
\etb@tempcnta=\count353
)
(/usr/local/texlive/2026/texmf-dist/tex/latex/zref/zref-abspage.sty
Package: zref-abspage 2026-03-07 v2.37 Module abspage for zref (HO)

(/usr/local/texlive/2026/texmf-dist/tex/latex/zref/zref-base.sty
Package: zref-base 2026-03-07 v2.37 Module base for zref (HO)

(/usr/local/texlive/2026/texmf-dist/tex/generic/infwarerr/infwarerr.sty
Package: infwarerr 2019/12/03 v1.5 Providing info/warning/error messages (HO)
)
(/usr/local/texlive/2026/texmf-dist/tex/generic/kvdefinekeys/kvdefinekeys.sty
Package: kvdefinekeys 2019-12-19 v1.6 Define keys (HO)
)
(/usr/local/texlive/2026/texmf-dist/tex/generic/pdftexcmds/pdftexcmds.sty
Package: pdftexcmds 2020-06-27 v0.33 Utility functions of pdfTeX for LuaTeX (HO
)
Package pdftexcmds Info: \pdf@primitive is available.
Package pdftexcmds Info: \pdf@ifprimitive is available.
Package pdftexcmds Info: \pdfdraftmode not found.
)
(/usr/local/texlive/2026/texmf-dist/tex/generic/etexcmds/etexcmds.sty
Package: etexcmds 2019/12/15 v1.7 Avoid name clashes with e-TeX commands (HO)
)
(/usr/local/texlive/2026/texmf-dist/tex/latex/auxhook/auxhook.sty
Package: auxhook 2019-12-17 v1.6 Hooks for auxiliary files (HO)
)
Package zref Info: New property list: main on input line 767.
Package zref Info: New property: default on input line 768.
Package zref Info: New property: page on input line 769.
)
\c@abspage=\count354
Package zref Info: New property: abspage on input line 67.
)
(/usr/local/texlive/2026/texmf-dist/tex/latex/needspace/needspace.sty
Package: needspace 2025/03/13 v1.3e reserve vertical space
)
\mdf@templength=\skip93
\c@mdf@globalstyle@cnt=\count355
\mdf@skipabove@length=\skip94
\mdf@skipbelow@length=\skip95
\mdf@leftmargin@length=\skip96
\mdf@rightmargin@length=\skip97
\mdf@innerleftmargin@length=\skip98
\mdf@innerrightmargin@length=\skip99
\mdf@innertopmargin@length=\skip100
\mdf@innerbottommargin@length=\skip101
\mdf@splittopskip@length=\skip102
\mdf@splitbottomskip@length=\skip103
\mdf@outermargin@length=\skip104
\mdf@innermargin@length=\skip105
\mdf@linewidth@length=\skip106
\mdf@innerlinewidth@length=\skip107
\mdf@middlelinewidth@length=\skip108
\mdf@outerlinewidth@length=\skip109
\mdf@roundcorner@length=\skip110
\mdf@footenotedistance@length=\skip111
\mdf@userdefinedwidth@length=\skip112
\mdf@needspace@length=\skip113
\mdf@frametitleaboveskip@length=\skip114
\mdf@frametitlebelowskip@length=\skip115
\mdf@frametitlerulewidth@length=\skip116
\mdf@frametitleleftmargin@length=\skip117
\mdf@frametitlerightmargin@length=\skip118
\mdf@shadowsize@length=\skip119
\mdf@extratopheight@length=\skip120
\mdf@subtitleabovelinewidth@length=\skip121
\mdf@subtitlebelowlinewidth@length=\skip122
\mdf@subtitleaboveskip@length=\skip123
\mdf@subtitlebelowskip@length=\skip124
\mdf@subtitleinneraboveskip@length=\skip125
\mdf@subtitleinnerbelowskip@length=\skip126
\mdf@subsubtitleabovelinewidth@length=\skip127
\mdf@subsubtitlebelowlinewidth@length=\skip128
\mdf@subsubtitleaboveskip@length=\skip129
\mdf@subsubtitlebelowskip@length=\skip130
\mdf@subsubtitleinneraboveskip@length=\skip131
\mdf@subsubtitleinnerbelowskip@length=\skip132

(/usr/local/texlive/2026/texmf-dist/tex/latex/pgf/frontendlayer/tikz.sty
(/usr/local/texlive/2026/texmf-dist/tex/latex/pgf/basiclayer/pgf.sty
(/usr/local/texlive/2026/texmf-dist/tex/latex/pgf/utilities/pgfrcs.sty
(/usr/local/texlive/2026/texmf-dist/tex/generic/pgf/utilities/pgfutil-common.te
x
\pgfutil@everybye=\toks42
\pgfutil@tempdima=\dimen295
\pgfutil@tempdimb=\dimen296
)
(/usr/local/texlive/2026/texmf-dist/tex/generic/pgf/utilities/pgfutil-latex.def
\pgfutil@abb=\box125
) (/usr/local/texlive/2026/texmf-dist/tex/generic/pgf/utilities/pgfrcs.code.tex
(/usr/local/texlive/2026/texmf-dist/tex/generic/pgf/pgf.revision.tex)
Package: pgfrcs 2025-08-29 v3.1.11a (3.1.11a)
))
Package: pgf 2025-08-29 v3.1.11a (3.1.11a)

(/usr/local/texlive/2026/texmf-dist/tex/latex/pgf/basiclayer/pgfcore.sty
(/usr/local/texlive/2026/texmf-dist/tex/latex/pgf/systemlayer/pgfsys.sty
(/usr/local/texlive/2026/texmf-dist/tex/generic/pgf/systemlayer/pgfsys.code.tex
Package: pgfsys 2025-08-29 v3.1.11a (3.1.11a)
(/usr/local/texlive/2026/texmf-dist/tex/generic/pgf/utilities/pgfkeys.code.tex
\pgfkeys@pathtoks=\toks43
\pgfkeys@temptoks=\toks44

(/usr/local/texlive/2026/texmf-dist/tex/generic/pgf/utilities/pgfkeyslibraryfil
tered.code.tex
\pgfkeys@tmptoks=\toks45
))
\pgf@x=\dimen297
\pgf@y=\dimen298
\pgf@xa=\dimen299
\pgf@ya=\dimen300
\pgf@xb=\dimen301
\pgf@yb=\dimen302
\pgf@xc=\dimen303
\pgf@yc=\dimen304
\pgf@xd=\dimen305
\pgf@yd=\dimen306
\w@pgf@writea=\write3
\r@pgf@reada=\read3
\c@pgf@counta=\count356
\c@pgf@countb=\count357
\c@pgf@countc=\count358
\c@pgf@countd=\count359
\t@pgf@toka=\toks46
\t@pgf@tokb=\toks47
\t@pgf@tokc=\toks48
\pgf@sys@id@count=\count360

(/usr/local/texlive/2026/texmf-dist/tex/generic/pgf/systemlayer/pgf.cfg
File: pgf.cfg 2025-08-29 v3.1.11a (3.1.11a)
)
Driver file for pgf: pgfsys-xetex.def

(/usr/local/texlive/2026/texmf-dist/tex/generic/pgf/systemlayer/pgfsys-xetex.de
f
File: pgfsys-xetex.def 2025-08-29 v3.1.11a (3.1.11a)

(/usr/local/texlive/2026/texmf-dist/tex/generic/pgf/systemlayer/pgfsys-dvipdfmx
.def
File: pgfsys-dvipdfmx.def 2025-08-29 v3.1.11a (3.1.11a)

(/usr/local/texlive/2026/texmf-dist/tex/generic/pgf/systemlayer/pgfsys-common-p
df.def
File: pgfsys-common-pdf.def 2025-08-29 v3.1.11a (3.1.11a)
)
\pgfsys@objnum=\count361
)))
(/usr/local/texlive/2026/texmf-dist/tex/generic/pgf/systemlayer/pgfsyssoftpath.
code.tex
File: pgfsyssoftpath.code.tex 2025-08-29 v3.1.11a (3.1.11a)
\pgfsyssoftpath@smallbuffer@items=\count362
\pgfsyssoftpath@bigbuffer@items=\count363
)
(/usr/local/texlive/2026/texmf-dist/tex/generic/pgf/systemlayer/pgfsysprotocol.
code.tex
File: pgfsysprotocol.code.tex 2025-08-29 v3.1.11a (3.1.11a)
))
(/usr/local/texlive/2026/texmf-dist/tex/generic/pgf/basiclayer/pgfcore.code.tex
Package: pgfcore 2025-08-29 v3.1.11a (3.1.11a)
(/usr/local/texlive/2026/texmf-dist/tex/generic/pgf/math/pgfmath.code.tex
(/usr/local/texlive/2026/texmf-dist/tex/generic/pgf/math/pgfmathutil.code.tex)
(/usr/local/texlive/2026/texmf-dist/tex/generic/pgf/math/pgfmathparser.code.tex
\pgfmath@dimen=\dimen307
\pgfmath@count=\count364
\pgfmath@box=\box126
\pgfmath@toks=\toks49
\pgfmath@stack@operand=\toks50
\pgfmath@stack@operation=\toks51
)
(/usr/local/texlive/2026/texmf-dist/tex/generic/pgf/math/pgfmathfunctions.code.
tex)
(/usr/local/texlive/2026/texmf-dist/tex/generic/pgf/math/pgfmathfunctions.basic
.code.tex)
(/usr/local/texlive/2026/texmf-dist/tex/generic/pgf/math/pgfmathfunctions.trigo
nometric.code.tex)
(/usr/local/texlive/2026/texmf-dist/tex/generic/pgf/math/pgfmathfunctions.rando
m.code.tex)
(/usr/local/texlive/2026/texmf-dist/tex/generic/pgf/math/pgfmathfunctions.compa
rison.code.tex)
(/usr/local/texlive/2026/texmf-dist/tex/generic/pgf/math/pgfmathfunctions.base.
code.tex)
(/usr/local/texlive/2026/texmf-dist/tex/generic/pgf/math/pgfmathfunctions.round
.code.tex)
(/usr/local/texlive/2026/texmf-dist/tex/generic/pgf/math/pgfmathfunctions.misc.
code.tex)
(/usr/local/texlive/2026/texmf-dist/tex/generic/pgf/math/pgfmathfunctions.integ
erarithmetics.code.tex)
(/usr/local/texlive/2026/texmf-dist/tex/generic/pgf/math/pgfmathcalc.code.tex)
(/usr/local/texlive/2026/texmf-dist/tex/generic/pgf/math/pgfmathfloat.code.tex
\c@pgfmathroundto@lastzeros=\count365
)) (/usr/local/texlive/2026/texmf-dist/tex/generic/pgf/math/pgfint.code.tex)
(/usr/local/texlive/2026/texmf-dist/tex/generic/pgf/basiclayer/pgfcorepoints.co
de.tex
File: pgfcorepoints.code.tex 2025-08-29 v3.1.11a (3.1.11a)
\pgf@picminx=\dimen308
\pgf@picmaxx=\dimen309
\pgf@picminy=\dimen310
\pgf@picmaxy=\dimen311
\pgf@pathminx=\dimen312
\pgf@pathmaxx=\dimen313
\pgf@pathminy=\dimen314
\pgf@pathmaxy=\dimen315
\pgf@xx=\dimen316
\pgf@xy=\dimen317
\pgf@yx=\dimen318
\pgf@yy=\dimen319
\pgf@zx=\dimen320
\pgf@zy=\dimen321
)
(/usr/local/texlive/2026/texmf-dist/tex/generic/pgf/basiclayer/pgfcorepathconst
ruct.code.tex
File: pgfcorepathconstruct.code.tex 2025-08-29 v3.1.11a (3.1.11a)
\pgf@path@lastx=\dimen322
\pgf@path@lasty=\dimen323
)
(/usr/local/texlive/2026/texmf-dist/tex/generic/pgf/basiclayer/pgfcorepathusage
.code.tex
File: pgfcorepathusage.code.tex 2025-08-29 v3.1.11a (3.1.11a)
\pgf@shorten@end@additional=\dimen324
\pgf@shorten@start@additional=\dimen325
)
(/usr/local/texlive/2026/texmf-dist/tex/generic/pgf/basiclayer/pgfcorescopes.co
de.tex
File: pgfcorescopes.code.tex 2025-08-29 v3.1.11a (3.1.11a)
\pgfpic=\box127
\pgf@hbox=\box128
\pgf@layerbox@main=\box129
\pgf@picture@serial@count=\count366
)
(/usr/local/texlive/2026/texmf-dist/tex/generic/pgf/basiclayer/pgfcoregraphicst
ate.code.tex
File: pgfcoregraphicstate.code.tex 2025-08-29 v3.1.11a (3.1.11a)
\pgflinewidth=\dimen326
)
(/usr/local/texlive/2026/texmf-dist/tex/generic/pgf/basiclayer/pgfcoretransform
ations.code.tex
File: pgfcoretransformations.code.tex 2025-08-29 v3.1.11a (3.1.11a)
\pgf@pt@x=\dimen327
\pgf@pt@y=\dimen328
\pgf@pt@temp=\dimen329
)
(/usr/local/texlive/2026/texmf-dist/tex/generic/pgf/basiclayer/pgfcorequick.cod
e.tex
File: pgfcorequick.code.tex 2025-08-29 v3.1.11a (3.1.11a)
)
(/usr/local/texlive/2026/texmf-dist/tex/generic/pgf/basiclayer/pgfcoreobjects.c
ode.tex
File: pgfcoreobjects.code.tex 2025-08-29 v3.1.11a (3.1.11a)
)
(/usr/local/texlive/2026/texmf-dist/tex/generic/pgf/basiclayer/pgfcorepathproce
ssing.code.tex
File: pgfcorepathprocessing.code.tex 2025-08-29 v3.1.11a (3.1.11a)
)
(/usr/local/texlive/2026/texmf-dist/tex/generic/pgf/basiclayer/pgfcorearrows.co
de.tex
File: pgfcorearrows.code.tex 2025-08-29 v3.1.11a (3.1.11a)
\pgfarrowsep=\dimen330
)
(/usr/local/texlive/2026/texmf-dist/tex/generic/pgf/basiclayer/pgfcoreshade.cod
e.tex
File: pgfcoreshade.code.tex 2025-08-29 v3.1.11a (3.1.11a)
\pgf@max=\dimen331
\pgf@sys@shading@range@num=\count367
\pgf@shadingcount=\count368
)
(/usr/local/texlive/2026/texmf-dist/tex/generic/pgf/basiclayer/pgfcoreimage.cod
e.tex
File: pgfcoreimage.code.tex 2025-08-29 v3.1.11a (3.1.11a)
)
(/usr/local/texlive/2026/texmf-dist/tex/generic/pgf/basiclayer/pgfcoreexternal.
code.tex
File: pgfcoreexternal.code.tex 2025-08-29 v3.1.11a (3.1.11a)
\pgfexternal@startupbox=\box130
)
(/usr/local/texlive/2026/texmf-dist/tex/generic/pgf/basiclayer/pgfcorelayers.co
de.tex
File: pgfcorelayers.code.tex 2025-08-29 v3.1.11a (3.1.11a)
)
(/usr/local/texlive/2026/texmf-dist/tex/generic/pgf/basiclayer/pgfcoretranspare
ncy.code.tex
File: pgfcoretransparency.code.tex 2025-08-29 v3.1.11a (3.1.11a)
)
(/usr/local/texlive/2026/texmf-dist/tex/generic/pgf/basiclayer/pgfcorepatterns.
code.tex
File: pgfcorepatterns.code.tex 2025-08-29 v3.1.11a (3.1.11a)
)
(/usr/local/texlive/2026/texmf-dist/tex/generic/pgf/basiclayer/pgfcorerdf.code.
tex
File: pgfcorerdf.code.tex 2025-08-29 v3.1.11a (3.1.11a)
)))
(/usr/local/texlive/2026/texmf-dist/tex/generic/pgf/modules/pgfmoduleshapes.cod
e.tex
File: pgfmoduleshapes.code.tex 2025-08-29 v3.1.11a (3.1.11a)
\pgfnodeparttextbox=\box131
)
(/usr/local/texlive/2026/texmf-dist/tex/generic/pgf/modules/pgfmoduleplot.code.
tex
File: pgfmoduleplot.code.tex 2025-08-29 v3.1.11a (3.1.11a)
)
(/usr/local/texlive/2026/texmf-dist/tex/latex/pgf/compatibility/pgfcomp-version
-0-65.sty
Package: pgfcomp-version-0-65 2025-08-29 v3.1.11a (3.1.11a)
\pgf@nodesepstart=\dimen332
\pgf@nodesepend=\dimen333
)
(/usr/local/texlive/2026/texmf-dist/tex/latex/pgf/compatibility/pgfcomp-version
-1-18.sty
Package: pgfcomp-version-1-18 2025-08-29 v3.1.11a (3.1.11a)
))
(/usr/local/texlive/2026/texmf-dist/tex/latex/pgf/utilities/pgffor.sty
(/usr/local/texlive/2026/texmf-dist/tex/latex/pgf/utilities/pgfkeys.sty
(/usr/local/texlive/2026/texmf-dist/tex/generic/pgf/utilities/pgfkeys.code.tex)
) (/usr/local/texlive/2026/texmf-dist/tex/latex/pgf/math/pgfmath.sty
(/usr/local/texlive/2026/texmf-dist/tex/generic/pgf/math/pgfmath.code.tex))
(/usr/local/texlive/2026/texmf-dist/tex/generic/pgf/utilities/pgffor.code.tex
Package: pgffor 2025-08-29 v3.1.11a (3.1.11a)
\pgffor@iter=\dimen334
\pgffor@skip=\dimen335
\pgffor@stack=\toks52
\pgffor@toks=\toks53
))
(/usr/local/texlive/2026/texmf-dist/tex/generic/pgf/frontendlayer/tikz/tikz.cod
e.tex
Package: tikz 2025-08-29 v3.1.11a (3.1.11a)

(/usr/local/texlive/2026/texmf-dist/tex/generic/pgf/libraries/pgflibraryplothan
dlers.code.tex
File: pgflibraryplothandlers.code.tex 2025-08-29 v3.1.11a (3.1.11a)
\pgf@plot@mark@count=\count369
\pgfplotmarksize=\dimen336
)
\tikz@lastx=\dimen337
\tikz@lasty=\dimen338
\tikz@lastxsaved=\dimen339
\tikz@lastysaved=\dimen340
\tikz@lastmovetox=\dimen341
\tikz@lastmovetoy=\dimen342
\tikzleveldistance=\dimen343
\tikzsiblingdistance=\dimen344
\tikz@figbox=\box132
\tikz@figbox@bg=\box133
\tikz@tempbox=\box134
\tikz@tempbox@bg=\box135
\tikztreelevel=\count370
\tikznumberofchildren=\count371
\tikznumberofcurrentchild=\count372
\tikz@fig@count=\count373

(/usr/local/texlive/2026/texmf-dist/tex/generic/pgf/modules/pgfmodulematrix.cod
e.tex
File: pgfmodulematrix.code.tex 2025-08-29 v3.1.11a (3.1.11a)
\pgfmatrixcurrentrow=\count374
\pgfmatrixcurrentcolumn=\count375
\pgf@matrix@numberofcolumns=\count376
)
\tikz@expandcount=\count377

(/usr/local/texlive/2026/texmf-dist/tex/generic/pgf/frontendlayer/tikz/librarie
s/tikzlibrarytopaths.code.tex
File: tikzlibrarytopaths.code.tex 2025-08-29 v3.1.11a (3.1.11a)
)))
(/usr/local/texlive/2026/texmf-dist/tex/latex/mdframed/md-frame-1.mdf
File: md-frame-1.mdf 2013/07/01\ 1.9b: md-frame-1
)
\mdf@frametitlebox=\box136
\mdf@footnotebox=\box137
\mdf@splitbox@one=\box138
\mdf@splitbox@two=\box139
\mdf@splitbox@save=\box140
\mdfsplitboxwidth=\skip133
\mdfsplitboxtotalwidth=\skip134
\mdfsplitboxheight=\skip135
\mdfsplitboxdepth=\skip136
\mdfsplitboxtotalheight=\skip137
\mdfframetitleboxwidth=\skip138
\mdfframetitleboxtotalwidth=\skip139
\mdfframetitleboxheight=\skip140
\mdfframetitleboxdepth=\skip141
\mdfframetitleboxtotalheight=\skip142
\mdffootnoteboxwidth=\skip143
\mdffootnoteboxtotalwidth=\skip144
\mdffootnoteboxheight=\skip145
\mdffootnoteboxdepth=\skip146
\mdffootnoteboxtotalheight=\skip147
\mdftotallinewidth=\skip148
\mdfboundingboxwidth=\skip149
\mdfboundingboxtotalwidth=\skip150
\mdfboundingboxheight=\skip151
\mdfboundingboxdepth=\skip152
\mdfboundingboxtotalheight=\skip153
\mdf@freevspace@length=\skip154
\mdf@horizontalwidthofbox@length=\skip155
\mdf@verticalmarginwhole@length=\skip156
\mdf@horizontalspaceofbox=\skip157
\mdfsubtitleheight=\skip158
\mdfsubsubtitleheight=\skip159
\c@mdfcountframes=\count378

****** mdframed patching \endmdf@trivlist

****** -- success******

\mdf@envdepth=\count379
\c@mdf@env@i=\count380
\c@mdf@env@ii=\count381
\c@mdf@zref@counter=\count382
Package zref Info: New property: mdf@pagevalue on input line 895.
)
(/usr/local/texlive/2026/texmf-dist/tex/generic/pgf/frontendlayer/tikz/librarie
s/tikzlibraryarrows.code.tex
File: tikzlibraryarrows.code.tex 2025-08-29 v3.1.11a (3.1.11a)

(/usr/local/texlive/2026/texmf-dist/tex/generic/pgf/libraries/pgflibraryarrows.
code.tex
File: pgflibraryarrows.code.tex 2025-08-29 v3.1.11a (3.1.11a)
\arrowsize=\dimen345
))
(/usr/local/texlive/2026/texmf-dist/tex/generic/pgf/frontendlayer/tikz/librarie
s/tikzlibrarysnakes.code.tex
File: tikzlibrarysnakes.code.tex 2025-08-29 v3.1.11a (3.1.11a)


Package pgf Warning: Snakes have been superseded by decorations. Please use the
 decoration libraries instead of the snakes library on input line 14.


(/usr/local/texlive/2026/texmf-dist/tex/generic/pgf/frontendlayer/tikz/librarie
s/tikzlibrarydecorations.pathmorphing.code.tex
(/usr/local/texlive/2026/texmf-dist/tex/generic/pgf/frontendlayer/tikz/librarie
s/tikzlibrarydecorations.code.tex
(/usr/local/texlive/2026/texmf-dist/tex/generic/pgf/modules/pgfmoduledecoration
s.code.tex
\pgfdecoratedcompleteddistance=\dimen346
\pgfdecoratedremainingdistance=\dimen347
\pgfdecoratedinputsegmentcompleteddistance=\dimen348
\pgfdecoratedinputsegmentremainingdistance=\dimen349
\pgf@decorate@distancetomove=\dimen350
\pgf@decorate@repeatstate=\count383
\pgfdecorationsegmentamplitude=\dimen351
\pgfdecorationsegmentlength=\dimen352
)
\tikz@lib@dec@box=\box141
)
(/usr/local/texlive/2026/texmf-dist/tex/generic/pgf/libraries/decorations/pgfli
brarydecorations.pathmorphing.code.tex))
(/usr/local/texlive/2026/texmf-dist/tex/generic/pgf/frontendlayer/tikz/librarie
s/tikzlibrarydecorations.pathreplacing.code.tex
(/usr/local/texlive/2026/texmf-dist/tex/generic/pgf/libraries/decorations/pgfli
brarydecorations.pathreplacing.code.tex))
(/usr/local/texlive/2026/texmf-dist/tex/generic/pgf/frontendlayer/tikz/librarie
s/tikzlibrarydecorations.shapes.code.tex
(/usr/local/texlive/2026/texmf-dist/tex/generic/pgf/libraries/decorations/pgfli
brarydecorations.shapes.code.tex)))
(/usr/local/texlive/2026/texmf-dist/tex/generic/pgf/frontendlayer/tikz/librarie
s/tikzlibrarybackgrounds.code.tex
File: tikzlibrarybackgrounds.code.tex 2025-08-29 v3.1.11a (3.1.11a)
\pgf@layerbox@background=\box142
\pgf@layerboxsaved@background=\box143
)
(/usr/local/texlive/2026/texmf-dist/tex/generic/pgf/frontendlayer/tikz/librarie
s/tikzlibrarycalc.code.tex
File: tikzlibrarycalc.code.tex 2025-08-29 v3.1.11a (3.1.11a)
)
(/usr/local/texlive/2026/texmf-dist/tex/latex/tools/enumerate.sty
Package: enumerate 2023/07/04 v3.00 enumerate extensions (DPC)
\@enLab=\toks54
)
(/usr/local/texlive/2026/texmf-dist/tex/latex/listings/listings.sty
\lst@mode=\count384
\lst@gtempboxa=\box144
\lst@token=\toks55
\lst@length=\count385
\lst@currlwidth=\dimen353
\lst@column=\count386
\lst@pos=\count387
\lst@lostspace=\dimen354
\lst@width=\dimen355
\lst@newlines=\count388
\lst@lineno=\count389
\lst@maxwidth=\dimen356

(/usr/local/texlive/2026/texmf-dist/tex/latex/listings/lstpatch.sty
File: lstpatch.sty 2025/11/14 1.11b (Carsten Heinz)
)
(/usr/local/texlive/2026/texmf-dist/tex/latex/listings/lstmisc.sty
File: lstmisc.sty 2025/11/14 1.11b (Carsten Heinz)
\c@lstnumber=\count390
\lst@skipnumbers=\count391
\lst@framebox=\box145
)
(/usr/local/texlive/2026/texmf-dist/tex/latex/listings/listings.cfg
File: listings.cfg 2025/11/14 1.11b listings configuration
))
Package: listings 2025/11/14 1.11b (Carsten Heinz)

==> First Aid for listings.sty no longer applied!
    Expected:
        2024/09/23 1.10c (Carsten Heinz)
    but found:
        2025/11/14 1.11b (Carsten Heinz)
    so I'm assuming it got fixed.
(/usr/local/texlive/2026/texmf-dist/tex/latex/titlesec/titlesec.sty
Package: titlesec 2025/01/04 v2.17 Sectioning titles
\ttl@box=\box146
\beforetitleunit=\skip160
\aftertitleunit=\skip161
\ttl@plus=\dimen357
\ttl@minus=\dimen358
\ttl@toksa=\toks56
\titlewidth=\dimen359
\titlewidthlast=\dimen360
\titlewidthfirst=\dimen361
)
(/usr/local/texlive/2026/texmf-dist/tex/latex/tocloft/tocloft.sty
Package: tocloft 2017/08/31 v2.3i parameterised ToC, etc., typesetting
Package tocloft Info: The document has section divisions on input line 51.
\cftparskip=\skip162
\cftbeforetoctitleskip=\skip163
\cftaftertoctitleskip=\skip164
\cftbeforepartskip=\skip165
\cftpartnumwidth=\skip166
\cftpartindent=\skip167
\cftbeforesecskip=\skip168
\cftsecindent=\skip169
\cftsecnumwidth=\skip170
\cftbeforesubsecskip=\skip171
\cftsubsecindent=\skip172
\cftsubsecnumwidth=\skip173
\cftbeforesubsubsecskip=\skip174
\cftsubsubsecindent=\skip175
\cftsubsubsecnumwidth=\skip176
\cftbeforeparaskip=\skip177
\cftparaindent=\skip178
\cftparanumwidth=\skip179
\cftbeforesubparaskip=\skip180
\cftsubparaindent=\skip181
\cftsubparanumwidth=\skip182
\cftbeforeloftitleskip=\skip183
\cftafterloftitleskip=\skip184
\cftbeforefigskip=\skip185
\cftfigindent=\skip186
\cftfignumwidth=\skip187
\c@lofdepth=\count392
\c@lotdepth=\count393
\cftbeforelottitleskip=\skip188
\cftafterlottitleskip=\skip189
\cftbeforetabskip=\skip190
\cfttabindent=\skip191
\cfttabnumwidth=\skip192
)
(/usr/local/texlive/2026/texmf-dist/tex/latex/chngcntr/chngcntr.sty
Package: chngcntr 2018/04/09 v1.1a change counter resetting
Package chngcntr Info: \counterwithout already defined.
(chngcntr)             Quitting chngcntr on input line 21.
)
(/usr/local/texlive/2026/texmf-dist/tex/latex/fancyhdr/fancyhdr.sty
Package: fancyhdr 2025/02/07 v5.2 Extensive control of page headers and footers

\f@nch@headwidth=\skip193
\f@nch@offset@elh=\skip194
\f@nch@offset@erh=\skip195
\f@nch@offset@olh=\skip196
\f@nch@offset@orh=\skip197
\f@nch@offset@elf=\skip198
\f@nch@offset@erf=\skip199
\f@nch@offset@olf=\skip256
\f@nch@offset@orf=\skip257
\f@nch@height=\skip258
\f@nch@footalignment=\skip259
\f@nch@widthL=\skip260
\f@nch@widthC=\skip261
\f@nch@widthR=\skip262
\@temptokenb=\toks57
)
(/usr/local/texlive/2026/texmf-dist/tex/latex/lastpage/lastpage.sty
Package: lastpage 2025/08/14 v2.1h lastpage: 2.09 or 2e? (HMM)

(/usr/local/texlive/2026/texmf-dist/tex/latex/lastpage/lastpage2e.sty
Package: lastpage2e 2025/08/14 v2.1h Decide which 2e lastpage version to use (H
MM)

(/usr/local/texlive/2026/texmf-dist/tex/latex/lastpage/lastpagemodern.sty
Package: lastpagemodern 2025-08-14 v2.1h Refers to last page's name (HMM; JPG)
\c@lastpagecount=\count394
) 
)) (/usr/local/texlive/2026/texmf-dist/tex/latex/hyperref/hyperref.sty
Package: hyperref 2026-01-29 v7.01p Hypertext links for LaTeX

(/usr/local/texlive/2026/texmf-dist/tex/generic/pdfescape/pdfescape.sty
Package: pdfescape 2019/12/09 v1.15 Implements pdfTeX's escape features (HO)
)
(/usr/local/texlive/2026/texmf-dist/tex/latex/hycolor/hycolor.sty
Package: hycolor 2020-01-27 v1.10 Color options for hyperref/bookmark (HO)
)
(/usr/local/texlive/2026/texmf-dist/tex/latex/hyperref/nameref.sty
Package: nameref 2026-01-29 v2.58 Cross-referencing by name of section

(/usr/local/texlive/2026/texmf-dist/tex/latex/refcount/refcount.sty
Package: refcount 2019/12/15 v3.6 Data extraction from label references (HO)
)
(/usr/local/texlive/2026/texmf-dist/tex/generic/gettitlestring/gettitlestring.s
ty
Package: gettitlestring 2019/12/15 v1.6 Cleanup title references (HO)
)
\c@section@level=\count395
) (/usr/local/texlive/2026/texmf-dist/tex/generic/stringenc/stringenc.sty
Package: stringenc 2019/11/29 v1.12 Convert strings between diff. encodings (HO
)
)
\@linkdim=\dimen362
\Hy@linkcounter=\count396
\Hy@pagecounter=\count397

(/usr/local/texlive/2026/texmf-dist/tex/latex/hyperref/pd1enc.def
File: pd1enc.def 2026-01-29 v7.01p Hyperref: PDFDocEncoding definition (HO)
)
(/usr/local/texlive/2026/texmf-dist/tex/generic/intcalc/intcalc.sty
Package: intcalc 2019/12/15 v1.3 Expandable calculations with integers (HO)
)
\Hy@SavedSpaceFactor=\count398

(/usr/local/texlive/2026/texmf-dist/tex/latex/hyperref/puenc.def
File: puenc.def 2026-01-29 v7.01p Hyperref: PDF Unicode definition (HO)
)
Package hyperref Info: Option `unicode' set `true' on input line 4072.
Package hyperref Info: Hyper figures OFF on input line 4201.
Package hyperref Info: Link nesting OFF on input line 4206.
Package hyperref Info: Hyper index ON on input line 4209.
Package hyperref Info: Plain pages OFF on input line 4216.
Package hyperref Info: Backreferencing OFF on input line 4221.
Package hyperref Info: Implicit mode ON; LaTeX internals redefined.
Package hyperref Info: Bookmarks ON on input line 4468.
\c@Hy@tempcnt=\count399

(/usr/local/texlive/2026/texmf-dist/tex/latex/url/url.sty
\Urlmuskip=\muskip18
Package: url 2013/09/16  ver 3.4  Verb mode for urls, etc.
)
LaTeX Info: Redefining \url on input line 4807.
\XeTeXLinkMargin=\dimen363

(/usr/local/texlive/2026/texmf-dist/tex/generic/bitset/bitset.sty
Package: bitset 2019/12/09 v1.3 Handle bit-vector datatype (HO)

(/usr/local/texlive/2026/texmf-dist/tex/generic/bigintcalc/bigintcalc.sty
Package: bigintcalc 2019/12/15 v1.5 Expandable calculations on big integers (HO
)
))
\Fld@menulength=\count400
\Field@Width=\dimen364
\Fld@charsize=\dimen365
Package hyperref Info: Hyper figures OFF on input line 6084.
Package hyperref Info: Link nesting OFF on input line 6089.
Package hyperref Info: Hyper index ON on input line 6092.
Package hyperref Info: backreferencing OFF on input line 6099.
Package hyperref Info: Link coloring OFF on input line 6104.
Package hyperref Info: Link coloring with OCG OFF on input line 6109.
Package hyperref Info: PDF/A mode OFF on input line 6114.
\Hy@abspage=\count401
\c@Item=\count402
\c@Hfootnote=\count403
)
Package hyperref Info: Driver (autodetected): hxetex.

(/usr/local/texlive/2026/texmf-dist/tex/latex/hyperref/hxetex.def
File: hxetex.def 2026-01-29 v7.01p Hyperref driver for XeTeX
\pdfm@box=\box147
\c@Hy@AnnotLevel=\count404
\HyField@AnnotCount=\count405
\Fld@listcount=\count406
\c@bookmark@seq@number=\count407

(/usr/local/texlive/2026/texmf-dist/tex/latex/rerunfilecheck/rerunfilecheck.sty
Package: rerunfilecheck 2025-06-21 v1.11 Rerun checks for auxiliary files (HO)

(/usr/local/texlive/2026/texmf-dist/tex/generic/uniquecounter/uniquecounter.sty
Package: uniquecounter 2019/12/15 v1.4 Provide unlimited unique counter (HO)
)
Package uniquecounter Info: New unique counter `rerunfilecheck' on input line 2
84.
)
\Hy@SectionHShift=\skip263
)
Package hyperref Info: Option `colorlinks' set `true' on input line 211.
Package hyperref Info: Option `bookmarksnumbered' set `true' on input line 211.

Package hyperref Info: Option `bookmarksopen' set `true' on input line 211.
 (./main.aux
Package babel Info: 'vietnamese' activates 'vietnamese' shorthands.
(babel)             Reported on input line 10.
)
\openout1 = `main.aux'.

LaTeX Font Info:    Checking defaults for OML/cmm/m/it on input line 216.
LaTeX Font Info:    ... okay on input line 216.
LaTeX Font Info:    Checking defaults for OMS/cmsy/m/n on input line 216.
LaTeX Font Info:    ... okay on input line 216.
LaTeX Font Info:    Checking defaults for OT1/cmr/m/n on input line 216.
LaTeX Font Info:    ... okay on input line 216.
LaTeX Font Info:    Checking defaults for T1/cmr/m/n on input line 216.
LaTeX Font Info:    ... okay on input line 216.
LaTeX Font Info:    Checking defaults for TS1/cmr/m/n on input line 216.
LaTeX Font Info:    ... okay on input line 216.
LaTeX Font Info:    Checking defaults for TU/lmr/m/n on input line 216.
LaTeX Font Info:    ... okay on input line 216.
LaTeX Font Info:    Checking defaults for OMX/cmex/m/n on input line 216.
LaTeX Font Info:    ... okay on input line 216.
LaTeX Font Info:    Checking defaults for U/cmr/m/n on input line 216.
LaTeX Font Info:    ... okay on input line 216.
LaTeX Font Info:    Checking defaults for PD1/pdf/m/n on input line 216.
LaTeX Font Info:    ... okay on input line 216.
LaTeX Font Info:    Checking defaults for PU/pdf/m/n on input line 216.
LaTeX Font Info:    ... okay on input line 216.

Package fontspec Info: 
(fontspec)             Adjusting the maths setup (use [no-math] to avoid
(fontspec)             this).

\symlegacymaths=\mathgroup6
LaTeX Font Info:    Overwriting symbol font `legacymaths' in version `bold'
(Font)                  OT1/cmr/m/n --> OT1/cmr/bx/n on input line 216.
LaTeX Font Info:    Redeclaring math accent \acute on input line 216.
LaTeX Font Info:    Redeclaring math accent \grave on input line 216.
LaTeX Font Info:    Redeclaring math accent \ddot on input line 216.
LaTeX Font Info:    Redeclaring math accent \tilde on input line 216.
LaTeX Font Info:    Redeclaring math accent \bar on input line 216.
LaTeX Font Info:    Redeclaring math accent \breve on input line 216.
LaTeX Font Info:    Redeclaring math accent \check on input line 216.
LaTeX Font Info:    Redeclaring math accent \hat on input line 216.
LaTeX Font Info:    Redeclaring math accent \dot on input line 216.
LaTeX Font Info:    Redeclaring math accent \mathring on input line 216.
LaTeX Font Info:    Redeclaring math symbol \Gamma on input line 216.
LaTeX Font Info:    Redeclaring math symbol \Delta on input line 216.
LaTeX Font Info:    Redeclaring math symbol \Theta on input line 216.
LaTeX Font Info:    Redeclaring math symbol \Lambda on input line 216.
LaTeX Font Info:    Redeclaring math symbol \Xi on input line 216.
LaTeX Font Info:    Redeclaring math symbol \Pi on input line 216.
LaTeX Font Info:    Redeclaring math symbol \Sigma on input line 216.
LaTeX Font Info:    Redeclaring math symbol \Upsilon on input line 216.
LaTeX Font Info:    Redeclaring math symbol \Phi on input line 216.
LaTeX Font Info:    Redeclaring math symbol \Psi on input line 216.
LaTeX Font Info:    Redeclaring math symbol \Omega on input line 216.
LaTeX Font Info:    Redeclaring math symbol \mathdollar on input line 216.
LaTeX Font Info:    Redeclaring symbol font `operators' on input line 216.
LaTeX Font Info:    Encoding `OT1' has changed to `TU' for symbol font
(Font)              `operators' in the math version `normal' on input line 216.

LaTeX Font Info:    Overwriting symbol font `operators' in version `normal'
(Font)                  OT1/cmr/m/n --> TU/TimesNewRoman(0)/m/n on input line 2
16.
LaTeX Font Info:    Encoding `OT1' has changed to `TU' for symbol font
(Font)              `operators' in the math version `bold' on input line 216.
LaTeX Font Info:    Overwriting symbol font `operators' in version `bold'
(Font)                  OT1/cmr/bx/n --> TU/TimesNewRoman(0)/m/n on input line 
216.
LaTeX Font Info:    Overwriting symbol font `operators' in version `normal'
(Font)                  TU/TimesNewRoman(0)/m/n --> TU/TimesNewRoman(0)/m/n on 
input line 216.
LaTeX Font Info:    Overwriting math alphabet `\mathit' in version `normal'
(Font)                  OT1/cmr/m/it --> TU/TimesNewRoman(0)/m/it on input line
 216.
LaTeX Font Info:    Overwriting math alphabet `\mathbf' in version `normal'
(Font)                  OT1/cmr/bx/n --> TU/TimesNewRoman(0)/b/n on input line 
216.
LaTeX Font Info:    Overwriting math alphabet `\mathsf' in version `normal'
(Font)                  OT1/cmss/m/n --> TU/Arial(0)/m/n on input line 216.
LaTeX Font Info:    Overwriting math alphabet `\mathtt' in version `normal'
(Font)                  OT1/cmtt/m/n --> TU/CourierNew(0)/m/n on input line 216
.
LaTeX Font Info:    Overwriting symbol font `operators' in version `bold'
(Font)                  TU/TimesNewRoman(0)/m/n --> TU/TimesNewRoman(0)/b/n on 
input line 216.
LaTeX Font Info:    Overwriting math alphabet `\mathit' in version `bold'
(Font)                  OT1/cmr/bx/it --> TU/TimesNewRoman(0)/b/it on input lin
e 216.
LaTeX Font Info:    Overwriting math alphabet `\mathsf' in version `bold'
(Font)                  OT1/cmss/bx/n --> TU/Arial(0)/b/n on input line 216.
LaTeX Font Info:    Overwriting math alphabet `\mathtt' in version `bold'
(Font)                  OT1/cmtt/m/n --> TU/CourierNew(0)/b/n on input line 216
.

*geometry* driver: auto-detecting
*geometry* detected driver: xetex
*geometry* verbose mode - [ preamble ] result:
* driver: xetex
* paper: a4paper
* layout: <same size as paper>
* layoutoffset:(h,v)=(0.0pt,0.0pt)
* modes: includehead includefoot 
* h-part:(L,W,R)=(85.35826pt, 455.24411pt, 56.9055pt)
* v-part:(T,H,B)=(56.9055pt, 731.23584pt, 56.9055pt)
* \paperwidth=597.50787pt
* \paperheight=845.04684pt
* \textwidth=455.24411pt
* \textheight=665.24718pt
* \oddsidemargin=13.08827pt
* \evensidemargin=13.08827pt
* \topmargin=-15.36449pt
* \headheight=33.0pt
* \headsep=12.80365pt
* \topskip=10.0pt
* \footskip=24.18501pt
* \marginparwidth=57.0pt
* \marginparsep=11.0pt
* \columnsep=10.0pt
* \skip\footins=11.7pt plus 5.19948pt minus 2.60052pt
* \hoffset=0.0pt
* \voffset=0.0pt
* \mag=1000
* \@twocolumnfalse
* \@twosidefalse
* \@mparswitchfalse
* \@reversemarginfalse
* (1in=72.27pt=25.4mm, 1cm=28.453pt)

Package caption Info: Begin \AtBeginDocument code.
Package caption Info: hyperref package is loaded.
Package caption Info: listings package is loaded.
Package caption Info: End \AtBeginDocument code.
\c@lstlisting=\count408
Package hyperref Info: Link coloring ON on input line 216.
(./main.out) (./main.out)
\@outlinefile=\write4
\openout4 = `main.out'.

File: Images/hcmut.png Graphic file (type bmp)
<Images/hcmut.png>

(/usr/local/texlive/2026/texmf-dist/tex/latex/amsfonts/umsa.fd)
(/usr/local/texlive/2026/texmf-dist/tex/latex/amsfonts/umsb.fd) [1

]
(./Intro/LoiCamDoan.tex) (./Intro/LoiCamOn.tex [1



]) (./Intro/TomTat.tex
[2


]) [3


] (./main.toc [4

] [5] [6] [7] [8] [9])
\tf@toc=\write5
\openout5 = `main.toc'.

 [10] (./main.lof)
\tf@lof=\write6
\openout6 = `main.lof'.

 [11

]
(./main.lot [12

])
\tf@lot=\write7
\openout7 = `main.lot'.

 (./Intro/DanhMucTuVietTat.tex [13]
Underfull \hbox (badness 2846) in paragraph at lines 29--29
[]|\TU/TimesNewRoman(0)/m/n/11.8625 Client Characteristic Configuration
 []


Underfull \hbox (badness 10000) in paragraph at lines 48--48
[]|\TU/TimesNewRoman(0)/m/n/11.8625 Interactive Connectivity
 []


Underfull \hbox (badness 10000) in paragraph at lines 80--80
[]|\TU/TimesNewRoman(0)/m/n/11.8625 Stream Control Transmission
 []


Underfull \hbox (badness 1448) in paragraph at lines 91--92
[]|\TU/TimesNewRoman(0)/m/n/11.8625 Nền tảng suy luận TensorFlow trên
 []


Underfull \hbox (badness 1776) in paragraph at lines 95--95
[]|\TU/TimesNewRoman(0)/m/n/11.8625 Universal Asynchronous Receiver–
 []


ignored: Infinite glue shrinkage found in box being split [14


]
ignored: Infinite glue shrinkage found in box being split [15]
ignored: Infinite glue shrinkage f
ound in box being split [16]) (./Intro/DanhMucThuatNgu.tex [17]
Underfull \hbox (badness 10000) in paragraph at lines 132--133
[]|\TU/TimesNewRoman(0)/b/n/11.8625 Preprocessing/Post-
 []


ignored: Infinite glue shrinkage found in box being split [18


]
ignored: Infinite glue shrinkage found in box being split [19]
ignored: Infinite glue shrinkage f
ound in box being split [20]) [21] (./Contents/GioiThieu.tex
File: Images/bk_name_vi.png Graphic file (type bmp)
<Images/bk_name_vi.png>
Package babel Info: 'vietnamese' activates 'vietnamese' shorthands.
(babel)             Reported on input line 12.


Package fancyhdr Warning: \headheight is too small (33.0pt): 
(fancyhdr)                Make it at least 33.13278pt, for example:
(fancyhdr)                \setlength{\headheight}{33.13278pt}.
(fancyhdr)                You might also make \topmargin smaller:
(fancyhdr)                \addtolength{\topmargin}{-0.13278pt}.

[1


]
File: Images/bk_name_vi.png Graphic file (type bmp)
<Images/bk_name_vi.png>


Package fancyhdr Warning: \headheight is too small (33.0pt): 
(fancyhdr)                Make it at least 33.13278pt, for example:
(fancyhdr)                \setlength{\headheight}{33.13278pt}.
(fancyhdr)                You might also make \topmargin smaller:
(fancyhdr)                \addtolength{\topmargin}{-0.13278pt}.

[2]
File: Images/bk_name_vi.png Graphic file (type bmp)
<Images/bk_name_vi.png>


Package fancyhdr Warning: \headheight is too small (33.0pt): 
(fancyhdr)                Make it at least 33.13278pt, for example:
(fancyhdr)                \setlength{\headheight}{33.13278pt}.
(fancyhdr)                You might also make \topmargin smaller:
(fancyhdr)                \addtolength{\topmargin}{-0.13278pt}.

[3]
File: Images/bk_name_vi.png Graphic file (type bmp)
<Images/bk_name_vi.png>


Package fancyhdr Warning: \headheight is too small (33.0pt): 
(fancyhdr)                Make it at least 33.13278pt, for example:
(fancyhdr)                \setlength{\headheight}{33.13278pt}.
(fancyhdr)                You might also make \topmargin smaller:
(fancyhdr)                \addtolength{\topmargin}{-0.13278pt}.

[4]
File: Images/bk_name_vi.png Graphic file (type bmp)
<Images/bk_name_vi.png>


Package fancyhdr Warning: \headheight is too small (33.0pt): 
(fancyhdr)                Make it at least 33.13278pt, for example:
(fancyhdr)                \setlength{\headheight}{33.13278pt}.
(fancyhdr)                You might also make \topmargin smaller:
(fancyhdr)                \addtolength{\topmargin}{-0.13278pt}.

[5]
File: Images/bk_name_vi.png Graphic file (type bmp)
<Images/bk_name_vi.png>


Package fancyhdr Warning: \headheight is too small (33.0pt): 
(fancyhdr)                Make it at least 33.13278pt, for example:
(fancyhdr)                \setlength{\headheight}{33.13278pt}.
(fancyhdr)                You might also make \topmargin smaller:
(fancyhdr)                \addtolength{\topmargin}{-0.13278pt}.

[6]
File: Images/bk_name_vi.png Graphic file (type bmp)
<Images/bk_name_vi.png>


Package fancyhdr Warning: \headheight is too small (33.0pt): 
(fancyhdr)                Make it at least 33.13278pt, for example:
(fancyhdr)                \setlength{\headheight}{33.13278pt}.
(fancyhdr)                You might also make \topmargin smaller:
(fancyhdr)                \addtolength{\topmargin}{-0.13278pt}.

[7]
File: Images/bk_name_vi.png Graphic file (type bmp)
<Images/bk_name_vi.png>


Package fancyhdr Warning: \headheight is too small (33.0pt): 
(fancyhdr)                Make it at least 33.13278pt, for example:
(fancyhdr)                \setlength{\headheight}{33.13278pt}.
(fancyhdr)                You might also make \topmargin smaller:
(fancyhdr)                \addtolength{\topmargin}{-0.13278pt}.

[8]
File: Images/bk_name_vi.png Graphic file (type bmp)
<Images/bk_name_vi.png>


Package fancyhdr Warning: \headheight is too small (33.0pt): 
(fancyhdr)                Make it at least 33.13278pt, for example:
(fancyhdr)                \setlength{\headheight}{33.13278pt}.
(fancyhdr)                You might also make \topmargin smaller:
(fancyhdr)                \addtolength{\topmargin}{-0.13278pt}.

[9]
Underfull \hbox (badness 7963) in paragraph at lines 157--157
[]|\TU/TimesNewRoman(0)/b/n/11.8625 Giới hạn khi triển
 []


Underfull \hbox (badness 10000) in paragraph at lines 157--157
[]|\TU/TimesNewRoman(0)/m/n/11.8625 IMU/thiết bị
 []


Underfull \hbox (badness 1990) in paragraph at lines 157--157
[]|\TU/TimesNewRoman(0)/m/n/11.8625 Nhẹ, riêng tư, không
 []


Underfull \hbox (badness 10000) in paragraph at lines 157--157
[]|\TU/TimesNewRoman(0)/m/n/11.8625 Phải đeo/sạc đúng
 []


Underfull \hbox (badness 3547) in paragraph at lines 157--157
\TU/TimesNewRoman(0)/m/n/11.8625 cách; nhạy vị trí và
 []


Underfull \hbox (badness 5637) in paragraph at lines 157--157
[]|\TU/TimesNewRoman(0)/m/n/11.8625 Tín hiệu sinh
 []


Underfull \hbox (badness 3364) in paragraph at lines 157--157
\TU/TimesNewRoman(0)/m/n/11.8625 trạng thái cơ thể và
 []


Underfull \hbox (badness 1681) in paragraph at lines 157--157
[]|\TU/TimesNewRoman(0)/m/n/11.8625 Cần tiếp xúc cơ thể;
 []


Underfull \hbox (badness 10000) in paragraph at lines 157--157
\TU/TimesNewRoman(0)/m/n/11.8625 nhạy nhiễu chuyển
 []


Underfull \hbox (badness 3039) in paragraph at lines 157--157
\TU/TimesNewRoman(0)/m/n/11.8625 động và không cung
 []


Underfull \hbox (badness 10000) in paragraph at lines 157--157
[]|\TU/TimesNewRoman(0)/m/n/11.8625 Nhạy tiếng nền, độ
 []


Underfull \hbox (badness 10000) in paragraph at lines 157--157
[]|\TU/TimesNewRoman(0)/m/n/11.8625 Silhouette/pose 3D,
 []


Underfull \hbox (badness 10000) in paragraph at lines 157--157
\TU/TimesNewRoman(0)/m/n/11.8625 tâm người, khoảng
 []


Underfull \hbox (badness 2626) in paragraph at lines 157--157
\TU/TimesNewRoman(0)/m/n/11.8625 giảm phụ thuộc màu
 []


Underfull \hbox (badness 1112) in paragraph at lines 157--157
\TU/TimesNewRoman(0)/m/n/11.8625 chuẩn; vùng quan sát
 []


Underfull \hbox (badness 10000) in paragraph at lines 157--157
[]|\TU/TimesNewRoman(0)/m/n/11.8625 Radar
 []


Underfull \hbox (badness 3199) in paragraph at lines 157--157
[]|\TU/TimesNewRoman(0)/m/n/11.8625 Doppler, point cloud,
 []


Underfull \hbox (badness 10000) in paragraph at lines 157--157
[]|\TU/TimesNewRoman(0)/m/n/11.8625 RGB một
 []


Underfull \hbox (badness 10000) in paragraph at lines 157--157
\TU/TimesNewRoman(0)/m/n/11.8625 trưng hình ảnh của
 []


Underfull \hbox (badness 6252) in paragraph at lines 157--157
[]|\TU/TimesNewRoman(0)/m/n/11.8625 Nhanh, định vị trực
 []


Underfull \hbox (badness 10000) in paragraph at lines 157--157
[]|\TU/TimesNewRoman(0)/m/n/11.8625 Dễ nhầm nằm/cúi;
 []


Underfull \hbox (badness 10000) in paragraph at lines 157--157
\TU/TimesNewRoman(0)/m/n/11.8625 nhạy ánh sáng, góc
 []


Underfull \hbox (badness 10000) in paragraph at lines 157--157
[]|\TU/TimesNewRoman(0)/m/n/11.8625 Keypoint, quỹ đạo
 []


Underfull \hbox (badness 3407) in paragraph at lines 157--157
[]|\TU/TimesNewRoman(0)/m/n/11.8625 Lỗi pose/tracking lan
 []


Underfull \hbox (badness 4660) in paragraph at lines 157--157
\TU/TimesNewRoman(0)/m/n/11.8625 sang LSTM; cần dữ
 []


Underfull \hbox (badness 1377) in paragraph at lines 157--157
[]|\TU/TimesNewRoman(0)/m/n/11.8625 Bù điểm mù và tăng
 []

File: Images/bk_name_vi.png Graphic file (type bmp)
<Images/bk_name_vi.png>

Package fancyhdr Warning: \headheight is too small (33.0pt): 
(fancyhdr)                Make it at least 33.13278pt, for example:
(fancyhdr)                \setlength{\headheight}{33.13278pt}.
(fancyhdr)                You might also make \topmargin smaller:
(fancyhdr)                \addtolength{\topmargin}{-0.13278pt}.

[10]
File: Images/bk_name_vi.png Graphic file (type bmp)
<Images/bk_name_vi.png>


Package fancyhdr Warning: \headheight is too small (33.0pt): 
(fancyhdr)                Make it at least 33.13278pt, for example:
(fancyhdr)                \setlength{\headheight}{33.13278pt}.
(fancyhdr)                You might also make \topmargin smaller:
(fancyhdr)                \addtolength{\topmargin}{-0.13278pt}.

[11]
File: Images/bk_name_vi.png Graphic file (type bmp)
<Images/bk_name_vi.png>


Package fancyhdr Warning: \headheight is too small (33.0pt): 
(fancyhdr)                Make it at least 33.13278pt, for example:
(fancyhdr)                \setlength{\headheight}{33.13278pt}.
(fancyhdr)                You might also make \topmargin smaller:
(fancyhdr)                \addtolength{\topmargin}{-0.13278pt}.

[12]
Underfull \hbox (badness 10000) in paragraph at lines 203--203
[]|\TU/TimesNewRoman(0)/m/n/11.8625 Visionary
 []


Underfull \hbox (badness 10000) in paragraph at lines 203--203
[]|\TU/TimesNewRoman(0)/m/n/11.8625 HFDMIA-Pose
 []


Underfull \hbox (badness 10000) in paragraph at lines 203--203
[]|\TU/TimesNewRoman(0)/m/n/11.8625 YOLOv8s cải tiến,
 []


Underfull \hbox (badness 1817) in paragraph at lines 203--203
\TU/TimesNewRoman(0)/m/n/11.8625 AlphaPose và đặc trưng
 []


Underfull \hbox (badness 10000) in paragraph at lines 203--203
[]|\TU/TimesNewRoman(0)/m/n/11.8625 YOSAP-LSTM
 []


Underfull \hbox (badness 10000) in paragraph at lines 203--203
[]|\TU/TimesNewRoman(0)/m/n/11.8625 YOLOv8, SORT,
 []


Underfull \hbox (badness 10000) in paragraph at lines 203--203
[]|\TU/TimesNewRoman(0)/m/n/11.8625 FallNet (2026)
 []


Underfull \hbox (badness 5388) in paragraph at lines 203--203
[]|\TU/TimesNewRoman(0)/m/n/11.8625 YOLOv8n-pose cải tiến
 []

File: Images/bk_name_vi.png Graphic file (type bmp)
<Images/bk_name_vi.png>

Package fancyhdr Warning: \headheight is too small (33.0pt): 
(fancyhdr)                Make it at least 33.13278pt, for example:
(fancyhdr)                \setlength{\headheight}{33.13278pt}.
(fancyhdr)                You might also make \topmargin smaller:
(fancyhdr)                \addtolength{\topmargin}{-0.13278pt}.

[13]
File: Images/bk_name_vi.png Graphic file (type bmp)
<Images/bk_name_vi.png>


Package fancyhdr Warning: \headheight is too small (33.0pt): 
(fancyhdr)                Make it at least 33.13278pt, for example:
(fancyhdr)                \setlength{\headheight}{33.13278pt}.
(fancyhdr)                You might also make \topmargin smaller:
(fancyhdr)                \addtolength{\topmargin}{-0.13278pt}.

[14]
File: Images/bk_name_vi.png Graphic file (type bmp)
<Images/bk_name_vi.png>


Package fancyhdr Warning: \headheight is too small (33.0pt): 
(fancyhdr)                Make it at least 33.13278pt, for example:
(fancyhdr)                \setlength{\headheight}{33.13278pt}.
(fancyhdr)                You might also make \topmargin smaller:
(fancyhdr)                \addtolength{\topmargin}{-0.13278pt}.

[15]
File: Images/bk_name_vi.png Graphic file (type bmp)
<Images/bk_name_vi.png>


Package fancyhdr Warning: \headheight is too small (33.0pt): 
(fancyhdr)                Make it at least 33.13278pt, for example:
(fancyhdr)                \setlength{\headheight}{33.13278pt}.
(fancyhdr)                You might also make \topmargin smaller:
(fancyhdr)                \addtolength{\topmargin}{-0.13278pt}.

[16]
Underfull \hbox (badness 10000) in paragraph at lines 327--327
[]|\TU/TimesNewRoman(0)/b/n/11.8625 Phương
 []


Underfull \hbox (badness 10000) in paragraph at lines 327--327
[]|\TU/TimesNewRoman(0)/m/n/11.8625 Kalman, IoU,
 []


Underfull \hbox (badness 6910) in paragraph at lines 327--327
[]|\TU/TimesNewRoman(0)/m/n/11.8625 Gọn, nhanh, không cần
 []


Underfull \hbox (badness 1681) in paragraph at lines 327--327
[]|\TU/TimesNewRoman(0)/m/n/11.8625 Chuyển động và
 []


Underfull \hbox (badness 1127) in paragraph at lines 327--327
\TU/TimesNewRoman(0)/m/n/11.8625 embedding ngoại
 []


Underfull \hbox (badness 1701) in paragraph at lines 327--327
[]|\TU/TimesNewRoman(0)/m/n/11.8625 Hữu ích nếu thiết bị đủ
 []


Underfull \hbox (badness 10000) in paragraph at lines 327--327
[]|\TU/TimesNewRoman(0)/m/n/11.8625 Hướng của
 []


Underfull \hbox (badness 7613) in paragraph at lines 327--327
[]|\TU/TimesNewRoman(0)/m/n/11.8625 SORT mở rộng
 []


Underfull \hbox (badness 10000) in paragraph at lines 327--327
\TU/TimesNewRoman(0)/m/n/11.8625 với hình học,
 []


Underfull \hbox (badness 10000) in paragraph at lines 327--327
\TU/TimesNewRoman(0)/m/n/11.8625 keypoint và
 []


Underfull \hbox (badness 2469) in paragraph at lines 327--327
\TU/TimesNewRoman(0)/m/n/11.8625 phục hồi vẫn phụ thuộc
 []

File: Images/bk_name_vi.png Graphic file (type bmp)
<Images/bk_name_vi.png>

Package fancyhdr Warning: \headheight is too small (33.0pt): 
(fancyhdr)                Make it at least 33.13278pt, for example:
(fancyhdr)                \setlength{\headheight}{33.13278pt}.
(fancyhdr)                You might also make \topmargin smaller:
(fancyhdr)                \addtolength{\topmargin}{-0.13278pt}.

[17]
File: Images/bk_name_vi.png Graphic file (type bmp)
<Images/bk_name_vi.png>


Package fancyhdr Warning: \headheight is too small (33.0pt): 
(fancyhdr)                Make it at least 33.13278pt, for example:
(fancyhdr)                \setlength{\headheight}{33.13278pt}.
(fancyhdr)                You might also make \topmargin smaller:
(fancyhdr)                \addtolength{\topmargin}{-0.13278pt}.

[18]
Underfull \hbox (badness 10000) in paragraph at lines 368--368
[]|\TU/TimesNewRoman(0)/m/n/11.8625 Luật/kho câu
 []


Underfull \hbox (badness 10000) in paragraph at lines 368--368
[]|\TU/TimesNewRoman(0)/m/n/11.8625 Ứng dụng nhẹ,
 []


Underfull \hbox (badness 10000) in paragraph at lines 368--368
\TU/TimesNewRoman(0)/m/n/11.8625 phản hồi tốt, hỗ
 []


Underfull \hbox (badness 1910) in paragraph at lines 368--368
\TU/TimesNewRoman(0)/m/n/11.8625 trợ streaming, dễ đổi
 []


Underfull \hbox (badness 3460) in paragraph at lines 368--368
[]|\TU/TimesNewRoman(0)/m/n/11.8625 Phù hợp với nguyên
 []


Underfull \hbox (badness 7981) in paragraph at lines 368--368
\TU/TimesNewRoman(0)/m/n/11.8625 mẫu hội thoại hằng
 []


Underfull \hbox (badness 2529) in paragraph at lines 368--368
[]|\TU/TimesNewRoman(0)/m/n/11.8625 Ngoại tuyến, dữ liệu
 []


Underfull \hbox (badness 10000) in paragraph at lines 368--368
\TU/TimesNewRoman(0)/m/n/11.8625 không rời thiết bị,
 []


Underfull \hbox (badness 6428) in paragraph at lines 368--368
\TU/TimesNewRoman(0)/m/n/11.8625 không tính phí theo
 []


Underfull \hbox (badness 10000) in paragraph at lines 368--368
[]|\TU/TimesNewRoman(0)/m/n/11.8625 Mô hình lớn, dùng
 []


Underfull \hbox (badness 3039) in paragraph at lines 368--368
\TU/TimesNewRoman(0)/m/n/11.8625 nhiều RAM và năng
 []


Underfull \hbox (badness 1540) in paragraph at lines 368--368
[]|\TU/TimesNewRoman(0)/m/n/11.8625 Hướng phát triển khi
 []


Underfull \hbox (badness 4416) in paragraph at lines 368--368
\TU/TimesNewRoman(0)/m/n/11.8625 thiết bị đáp ứng tài
 []

File: Images/bk_name_vi.png Graphic file (type bmp)
<Images/bk_name_vi.png>

Package fancyhdr Warning: \headheight is too small (33.0pt): 
(fancyhdr)                Make it at least 33.13278pt, for example:
(fancyhdr)                \setlength{\headheight}{33.13278pt}.
(fancyhdr)                You might also make \topmargin smaller:
(fancyhdr)                \addtolength{\topmargin}{-0.13278pt}.

[19]
File: Images/bk_name_vi.png Graphic file (type bmp)
<Images/bk_name_vi.png>


Package fancyhdr Warning: \headheight is too small (33.0pt): 
(fancyhdr)                Make it at least 33.13278pt, for example:
(fancyhdr)                \setlength{\headheight}{33.13278pt}.
(fancyhdr)                You might also make \topmargin smaller:
(fancyhdr)                \addtolength{\topmargin}{-0.13278pt}.

[20]
File: Images/bk_name_vi.png Graphic file (type bmp)
<Images/bk_name_vi.png>


Package fancyhdr Warning: \headheight is too small (33.0pt): 
(fancyhdr)                Make it at least 33.13278pt, for example:
(fancyhdr)                \setlength{\headheight}{33.13278pt}.
(fancyhdr)                You might also make \topmargin smaller:
(fancyhdr)                \addtolength{\topmargin}{-0.13278pt}.

[21]
File: Images/bk_name_vi.png Graphic file (type bmp)
<Images/bk_name_vi.png>


Package fancyhdr Warning: \headheight is too small (33.0pt): 
(fancyhdr)                Make it at least 33.13278pt, for example:
(fancyhdr)                \setlength{\headheight}{33.13278pt}.
(fancyhdr)                You might also make \topmargin smaller:
(fancyhdr)                \addtolength{\topmargin}{-0.13278pt}.

[22]
File: Images/bk_name_vi.png Graphic file (type bmp)
<Images/bk_name_vi.png>


Package fancyhdr Warning: \headheight is too small (33.0pt): 
(fancyhdr)                Make it at least 33.13278pt, for example:
(fancyhdr)                \setlength{\headheight}{33.13278pt}.
(fancyhdr)                You might also make \topmargin smaller:
(fancyhdr)                \addtolength{\topmargin}{-0.13278pt}.

[23])
File: Images/bk_name_vi.png Graphic file (type bmp)
<Images/bk_name_vi.png>


Package fancyhdr Warning: \headheight is too small (33.0pt): 
(fancyhdr)                Make it at least 33.13278pt, for example:
(fancyhdr)                \setlength{\headheight}{33.13278pt}.
(fancyhdr)                You might also make \topmargin smaller:
(fancyhdr)                \addtolength{\topmargin}{-0.13278pt}.

[24] (./Contents/CoSoLyThuyet.tex (./Contents/OpenBotTomLuoc.tex
Underfull \hbox (badness 1112) in paragraph at lines 14--15
[]\TU/TimesNewRoman(0)/b/n/13 Lớp smartphone\TU/TimesNewRoman(0)/m/n/13 : Robot
 App truy cập camera và cảm biến, chạy mô hình
 []

File: Images/bk_name_vi.png Graphic file (type bmp)
<Images/bk_name_vi.png>

Package fancyhdr Warning: \headheight is too small (33.0pt): 
(fancyhdr)                Make it at least 33.13278pt, for example:
(fancyhdr)                \setlength{\headheight}{33.13278pt}.
(fancyhdr)                You might also make \topmargin smaller:
(fancyhdr)                \addtolength{\topmargin}{-0.13278pt}.

[25


]
File: Images/bk_name_vi.png Graphic file (type bmp)
<Images/bk_name_vi.png>


Package fancyhdr Warning: \headheight is too small (33.0pt): 
(fancyhdr)                Make it at least 33.13278pt, for example:
(fancyhdr)                \setlength{\headheight}{33.13278pt}.
(fancyhdr)                You might also make \topmargin smaller:
(fancyhdr)                \addtolength{\topmargin}{-0.13278pt}.

[26]
File: Images/bk_name_vi.png Graphic file (type bmp)
<Images/bk_name_vi.png>


Package fancyhdr Warning: \headheight is too small (33.0pt): 
(fancyhdr)                Make it at least 33.13278pt, for example:
(fancyhdr)                \setlength{\headheight}{33.13278pt}.
(fancyhdr)                You might also make \topmargin smaller:
(fancyhdr)                \addtolength{\topmargin}{-0.13278pt}.

[27]
Underfull \hbox (badness 1281) in paragraph at lines 81--81
[]|\TU/TimesNewRoman(0)/m/n/11.8625 Camera, AI, giao diện và logic
 []


Underfull \hbox (badness 4673) in paragraph at lines 81--81
[]|\TU/TimesNewRoman(0)/m/n/11.8625 RobotApp chạy pose, tracking,
 []


Underfull \hbox (badness 3568) in paragraph at lines 81--81
[]|\TU/TimesNewRoman(0)/m/n/11.8625 BLE GATT với giao thức hai
 []


Underfull \hbox (badness 10000) in paragraph at lines 81--81
[]|\TU/TimesNewRoman(0)/m/n/11.8625 Gamepad, Controller App,
 []


Underfull \hbox (badness 10000) in paragraph at lines 81--81
[]|\TU/TimesNewRoman(0)/m/n/11.8625 CaregiverApp gửi lệnh qua
 []

)
File: Images/bk_name_vi.png Graphic file (type bmp)
<Images/bk_name_vi.png>


Package fancyhdr Warning: \headheight is too small (33.0pt): 
(fancyhdr)                Make it at least 33.13278pt, for example:
(fancyhdr)                \setlength{\headheight}{33.13278pt}.
(fancyhdr)                You might also make \topmargin smaller:
(fancyhdr)                \addtolength{\topmargin}{-0.13278pt}.

[28]
File: Images/bk_name_vi.png Graphic file (type bmp)
<Images/bk_name_vi.png>


Package fancyhdr Warning: \headheight is too small (33.0pt): 
(fancyhdr)                Make it at least 33.13278pt, for example:
(fancyhdr)                \setlength{\headheight}{33.13278pt}.
(fancyhdr)                You might also make \topmargin smaller:
(fancyhdr)                \addtolength{\topmargin}{-0.13278pt}.

[29]
File: Images/bounding_box_example.png Graphic file (type bmp)
<Images/bounding_box_example.png>
File: Images/bk_name_vi.png Graphic file (type bmp)
<Images/bk_name_vi.png>


Package fancyhdr Warning: \headheight is too small (33.0pt): 
(fancyhdr)                Make it at least 33.13278pt, for example:
(fancyhdr)                \setlength{\headheight}{33.13278pt}.
(fancyhdr)                You might also make \topmargin smaller:
(fancyhdr)                \addtolength{\topmargin}{-0.13278pt}.

[30]
File: Images/bk_name_vi.png Graphic file (type bmp)
<Images/bk_name_vi.png>


Package fancyhdr Warning: \headheight is too small (33.0pt): 
(fancyhdr)                Make it at least 33.13278pt, for example:
(fancyhdr)                \setlength{\headheight}{33.13278pt}.
(fancyhdr)                You might also make \topmargin smaller:
(fancyhdr)                \addtolength{\topmargin}{-0.13278pt}.

[31]
File: Images/bk_name_vi.png Graphic file (type bmp)
<Images/bk_name_vi.png>


Package fancyhdr Warning: \headheight is too small (33.0pt): 
(fancyhdr)                Make it at least 33.13278pt, for example:
(fancyhdr)                \setlength{\headheight}{33.13278pt}.
(fancyhdr)                You might also make \topmargin smaller:
(fancyhdr)                \addtolength{\topmargin}{-0.13278pt}.

[32]
Underfull \hbox (badness 3492) in paragraph at lines 425--427
\TU/TimesNewRoman(0)/m/n/13 Theo COCO, chỉ số chính tiếp tục lấy trung bình trê
n mười ngưỡng $\OML/cmm/m/it/12 T \OT1/cmr/m/n/12 =
 []

File: Images/bk_name_vi.png Graphic file (type bmp)
<Images/bk_name_vi.png>

Package fancyhdr Warning: \headheight is too small (33.0pt): 
(fancyhdr)                Make it at least 33.13278pt, for example:
(fancyhdr)                \setlength{\headheight}{33.13278pt}.
(fancyhdr)                You might also make \topmargin smaller:
(fancyhdr)                \addtolength{\topmargin}{-0.13278pt}.

[33]
Underfull \hbox (badness 10000) in paragraph at lines 459--459
[]|\TU/TimesNewRoman(0)/b/n/13 Ưu điểm khi triển
 []


Underfull \hbox (badness 10000) in paragraph at lines 459--459
[]|\TU/TimesNewRoman(0)/m/n/13 MobileNet
 []


Underfull \hbox (badness 10000) in paragraph at lines 459--459
[]|\TU/TimesNewRoman(0)/m/n/13 SSD một
 []


Underfull \hbox (badness 10000) in paragraph at lines 459--459
\TU/TimesNewRoman(0)/m/n/13 giai đoạn với
 []


Underfull \hbox (badness 10000) in paragraph at lines 459--459
[]|\TU/TimesNewRoman(0)/m/n/13 Mô hình gọn; hệ
 []


Underfull \hbox (badness 4954) in paragraph at lines 459--459
\TU/TimesNewRoman(0)/m/n/13 sinh thái TensorFlow
 []


Underfull \hbox (badness 10000) in paragraph at lines 459--459
\TU/TimesNewRoman(0)/m/n/13 baseline phát hiện
 []


Underfull \hbox (badness 1975) in paragraph at lines 459--459
[]|\TU/TimesNewRoman(0)/m/n/13 Đầu ra chuẩn chỉ có
 []


Underfull \hbox (badness 10000) in paragraph at lines 459--459
[]|\TU/TimesNewRoman(0)/m/n/13 Detector hợp
 []


Underfull \hbox (badness 1946) in paragraph at lines 459--459
\TU/TimesNewRoman(0)/m/n/13 thể detection và
 []


Underfull \hbox (badness 4378) in paragraph at lines 459--459
[]|\TU/TimesNewRoman(0)/m/n/13 Cân bằng tốc độ–độ
 []


Underfull \hbox (badness 3849) in paragraph at lines 459--459
\TU/TimesNewRoman(0)/m/n/13 box và keypoint của
 []


Underfull \hbox (badness 10000) in paragraph at lines 459--459
[]|\TU/TimesNewRoman(0)/m/n/13 EfficientNet,
 []


Underfull \hbox (badness 10000) in paragraph at lines 459--459
\TU/TimesNewRoman(0)/m/n/13 BiFPN và
 []


Underfull \hbox (badness 10000) in paragraph at lines 459--459
\TU/TimesNewRoman(0)/m/n/13 compound
 []


Underfull \hbox (badness 10000) in paragraph at lines 459--459
\TU/TimesNewRoman(0)/m/n/13 sinh keypoint; cấu
 []


Underfull \hbox (badness 1558) in paragraph at lines 459--459
\TU/TimesNewRoman(0)/m/n/13 hình lớn có thể vượt
 []


Underfull \hbox (badness 1331) in paragraph at lines 459--459
\TU/TimesNewRoman(0)/m/n/13 ngân sách độ trễ của
 []

File: Images/bk_name_vi.png Graphic file (type bmp)
<Images/bk_name_vi.png>

Package fancyhdr Warning: \headheight is too small (33.0pt): 
(fancyhdr)                Make it at least 33.13278pt, for example:
(fancyhdr)                \setlength{\headheight}{33.13278pt}.
(fancyhdr)                You might also make \topmargin smaller:
(fancyhdr)                \addtolength{\topmargin}{-0.13278pt}.

[34]
File: Images/bk_name_vi.png Graphic file (type bmp)
<Images/bk_name_vi.png>


Package fancyhdr Warning: \headheight is too small (33.0pt): 
(fancyhdr)                Make it at least 33.13278pt, for example:
(fancyhdr)                \setlength{\headheight}{33.13278pt}.
(fancyhdr)                You might also make \topmargin smaller:
(fancyhdr)                \addtolength{\topmargin}{-0.13278pt}.

[35]
File: Images/yolo_arch.jpg Graphic file (type bmp)
<Images/yolo_arch.jpg>
File: Images/bk_name_vi.png Graphic file (type bmp)
<Images/bk_name_vi.png>


Package fancyhdr Warning: \headheight is too small (33.0pt): 
(fancyhdr)                Make it at least 33.13278pt, for example:
(fancyhdr)                \setlength{\headheight}{33.13278pt}.
(fancyhdr)                You might also make \topmargin smaller:
(fancyhdr)                \addtolength{\topmargin}{-0.13278pt}.

[36]
File: Images/bk_name_vi.png Graphic file (type bmp)
<Images/bk_name_vi.png>


Package fancyhdr Warning: \headheight is too small (33.0pt): 
(fancyhdr)                Make it at least 33.13278pt, for example:
(fancyhdr)                \setlength{\headheight}{33.13278pt}.
(fancyhdr)                You might also make \topmargin smaller:
(fancyhdr)                \addtolength{\topmargin}{-0.13278pt}.

[37]
File: Images/bk_name_vi.png Graphic file (type bmp)
<Images/bk_name_vi.png>


Package fancyhdr Warning: \headheight is too small (33.0pt): 
(fancyhdr)                Make it at least 33.13278pt, for example:
(fancyhdr)                \setlength{\headheight}{33.13278pt}.
(fancyhdr)                You might also make \topmargin smaller:
(fancyhdr)                \addtolength{\topmargin}{-0.13278pt}.

[38]
File: Images/bk_name_vi.png Graphic file (type bmp)
<Images/bk_name_vi.png>


Package fancyhdr Warning: \headheight is too small (33.0pt): 
(fancyhdr)                Make it at least 33.13278pt, for example:
(fancyhdr)                \setlength{\headheight}{33.13278pt}.
(fancyhdr)                You might also make \topmargin smaller:
(fancyhdr)                \addtolength{\topmargin}{-0.13278pt}.

[39]
File: Images/bk_name_vi.png Graphic file (type bmp)
<Images/bk_name_vi.png>


Package fancyhdr Warning: \headheight is too small (33.0pt): 
(fancyhdr)                Make it at least 33.13278pt, for example:
(fancyhdr)                \setlength{\headheight}{33.13278pt}.
(fancyhdr)                You might also make \topmargin smaller:
(fancyhdr)                \addtolength{\topmargin}{-0.13278pt}.

[40]
File: Images/lstm_arch.jpg Graphic file (type bmp)
<Images/lstm_arch.jpg>
File: Images/bk_name_vi.png Graphic file (type bmp)
<Images/bk_name_vi.png>


Package fancyhdr Warning: \headheight is too small (33.0pt): 
(fancyhdr)                Make it at least 33.13278pt, for example:
(fancyhdr)                \setlength{\headheight}{33.13278pt}.
(fancyhdr)                You might also make \topmargin smaller:
(fancyhdr)                \addtolength{\topmargin}{-0.13278pt}.

[41]
File: Images/bk_name_vi.png Graphic file (type bmp)
<Images/bk_name_vi.png>


Package fancyhdr Warning: \headheight is too small (33.0pt): 
(fancyhdr)                Make it at least 33.13278pt, for example:
(fancyhdr)                \setlength{\headheight}{33.13278pt}.
(fancyhdr)                You might also make \topmargin smaller:
(fancyhdr)                \addtolength{\topmargin}{-0.13278pt}.

[42]
File: Images/1.jpeg Graphic file (type bmp)
<Images/1.jpeg>
File: Images/bk_name_vi.png Graphic file (type bmp)
<Images/bk_name_vi.png>


Package fancyhdr Warning: \headheight is too small (33.0pt): 
(fancyhdr)                Make it at least 33.13278pt, for example:
(fancyhdr)                \setlength{\headheight}{33.13278pt}.
(fancyhdr)                You might also make \topmargin smaller:
(fancyhdr)                \addtolength{\topmargin}{-0.13278pt}.

[43]
Underfull \hbox (badness 5064) in paragraph at lines 1028--1029
[]\TU/TimesNewRoman(0)/m/n/13 Gần đây, một số nghiên cứu đề xuất các bộ dữ liệu
 khổng lồ như
 []


Underfull \hbox (badness 1859) in paragraph at lines 1028--1029
\TU/TimesNewRoman(0)/m/n/13 DiverseFALL10500 (10,500 ảnh) để khắc phục nhược đi
ểm của các dataset cũ
 []

File: Images/bk_name_vi.png Graphic file (type bmp)
<Images/bk_name_vi.png>

Package fancyhdr Warning: \headheight is too small (33.0pt): 
(fancyhdr)                Make it at least 33.13278pt, for example:
(fancyhdr)                \setlength{\headheight}{33.13278pt}.
(fancyhdr)                You might also make \topmargin smaller:
(fancyhdr)                \addtolength{\topmargin}{-0.13278pt}.

[44]
File: Images/bk_name_vi.png Graphic file (type bmp)
<Images/bk_name_vi.png>


Package fancyhdr Warning: \headheight is too small (33.0pt): 
(fancyhdr)                Make it at least 33.13278pt, for example:
(fancyhdr)                \setlength{\headheight}{33.13278pt}.
(fancyhdr)                You might also make \topmargin smaller:
(fancyhdr)                \addtolength{\topmargin}{-0.13278pt}.

[45]
File: Images/bk_name_vi.png Graphic file (type bmp)
<Images/bk_name_vi.png>


Package fancyhdr Warning: \headheight is too small (33.0pt): 
(fancyhdr)                Make it at least 33.13278pt, for example:
(fancyhdr)                \setlength{\headheight}{33.13278pt}.
(fancyhdr)                You might also make \topmargin smaller:
(fancyhdr)                \addtolength{\topmargin}{-0.13278pt}.

[46]
File: Images/bk_name_vi.png Graphic file (type bmp)
<Images/bk_name_vi.png>


Package fancyhdr Warning: \headheight is too small (33.0pt): 
(fancyhdr)                Make it at least 33.13278pt, for example:
(fancyhdr)                \setlength{\headheight}{33.13278pt}.
(fancyhdr)                You might also make \topmargin smaller:
(fancyhdr)                \addtolength{\topmargin}{-0.13278pt}.

[47]
Underfull \hbox (badness 10000) in paragraph at lines 1136--1136
[]|\TU/TimesNewRoman(0)/m/n/11.8625 Giao diện mạng
 []


Underfull \hbox (badness 10000) in paragraph at lines 1136--1136
[]|\TU/TimesNewRoman(0)/m/n/11.8625 Thu được thông
 []


Underfull \hbox (badness 10000) in paragraph at lines 1136--1136
[]|\TU/TimesNewRoman(0)/m/n/11.8625 Được cấp bởi
 []

File: Images/bk_name_vi.png Graphic file (type bmp)
<Images/bk_name_vi.png>

Package fancyhdr Warning: \headheight is too small (33.0pt): 
(fancyhdr)                Make it at least 33.13278pt, for example:
(fancyhdr)                \setlength{\headheight}{33.13278pt}.
(fancyhdr)                You might also make \topmargin smaller:
(fancyhdr)                \addtolength{\topmargin}{-0.13278pt}.

[48]
File: Images/bk_name_vi.png Graphic file (type bmp)
<Images/bk_name_vi.png>


Package fancyhdr Warning: \headheight is too small (33.0pt): 
(fancyhdr)                Make it at least 33.13278pt, for example:
(fancyhdr)                \setlength{\headheight}{33.13278pt}.
(fancyhdr)                You might also make \topmargin smaller:
(fancyhdr)                \addtolength{\topmargin}{-0.13278pt}.

[49]
Underfull \hbox (badness 1377) in paragraph at lines 1153--1154
\TU/TimesNewRoman(0)/m/n/13 hai trạng thái kết nối và ngắt kết nối. \TU/Courier
New(0)/m/n/13 signalingState \TU/TimesNewRoman(0)/m/n/13 phản ánh tiến trình
 []

File: Images/bk_name_vi.png Graphic file (type bmp)
<Images/bk_name_vi.png>

Package fancyhdr Warning: \headheight is too small (33.0pt): 
(fancyhdr)                Make it at least 33.13278pt, for example:
(fancyhdr)                \setlength{\headheight}{33.13278pt}.
(fancyhdr)                You might also make \topmargin smaller:
(fancyhdr)                \addtolength{\topmargin}{-0.13278pt}.

[50]
File: Images/bk_name_vi.png Graphic file (type bmp)
<Images/bk_name_vi.png>


Package fancyhdr Warning: \headheight is too small (33.0pt): 
(fancyhdr)                Make it at least 33.13278pt, for example:
(fancyhdr)                \setlength{\headheight}{33.13278pt}.
(fancyhdr)                You might also make \topmargin smaller:
(fancyhdr)                \addtolength{\topmargin}{-0.13278pt}.

[51]
Underfull \hbox (badness 10000) in paragraph at lines 1208--1208
[]|\TU/TimesNewRoman(0)/b/n/11.8625 Hướng
 []


Underfull \hbox (badness 10000) in paragraph at lines 1208--1208
[]|\TU/TimesNewRoman(0)/m/n/11.8625 Client đến
 []


Underfull \hbox (badness 10000) in paragraph at lines 1208--1208
[]|\TU/TimesNewRoman(0)/m/n/11.8625 Client đến
 []


Underfull \hbox (badness 10000) in paragraph at lines 1208--1208
[]|\TU/TimesNewRoman(0)/m/n/11.8625 Client đến
 []


Underfull \hbox (badness 4765) in paragraph at lines 1208--1208
[]|\TU/TimesNewRoman(0)/m/n/11.8625 Còn được gọi là \TU/TimesNewRoman(0)/m/it/1
1.8625 write without
 []


Underfull \hbox (badness 10000) in paragraph at lines 1208--1208
[]|\TU/TimesNewRoman(0)/m/n/11.8625 Server đến
 []


Underfull \hbox (badness 1442) in paragraph at lines 1208--1208
[]|\TU/TimesNewRoman(0)/m/n/11.8625 Server chủ động gửi giá trị cho
 []


Underfull \hbox (badness 10000) in paragraph at lines 1208--1208
[]|\TU/TimesNewRoman(0)/m/n/11.8625 Server đến
 []

File: Images/bk_name_vi.png Graphic file (type bmp)
<Images/bk_name_vi.png>

Package fancyhdr Warning: \headheight is too small (33.0pt): 
(fancyhdr)                Make it at least 33.13278pt, for example:
(fancyhdr)                \setlength{\headheight}{33.13278pt}.
(fancyhdr)                You might also make \topmargin smaller:
(fancyhdr)                \addtolength{\topmargin}{-0.13278pt}.

[52]
File: Images/bk_name_vi.png Graphic file (type bmp)
<Images/bk_name_vi.png>


Package fancyhdr Warning: \headheight is too small (33.0pt): 
(fancyhdr)                Make it at least 33.13278pt, for example:
(fancyhdr)                \setlength{\headheight}{33.13278pt}.
(fancyhdr)                You might also make \topmargin smaller:
(fancyhdr)                \addtolength{\topmargin}{-0.13278pt}.

[53]
Underfull \hbox (badness 10000) in paragraph at lines 1244--1244
[]|\TU/TimesNewRoman(0)/b/n/11.8625 Cấu hình trong
 []


Underfull \hbox (badness 1701) in paragraph at lines 1244--1244
[]|\TU/TimesNewRoman(0)/m/n/11.8625 Hai bus I$[]$C, BLE và
 []


Underfull \hbox (badness 10000) in paragraph at lines 1244--1244
[]|\TU/TimesNewRoman(0)/m/n/11.8625 Hai động cơ
 []


Underfull \hbox (badness 10000) in paragraph at lines 1244--1244
[]|\TU/TimesNewRoman(0)/m/n/11.8625 Hai driver 3-
 []


Underfull \hbox (badness 1308) in paragraph at lines 1244--1244
\TU/TimesNewRoman(0)/m/n/11.8625 giới hạn điện áp điều
 []


Underfull \hbox (badness 10000) in paragraph at lines 1244--1244
[]|\TU/TimesNewRoman(0)/m/n/11.8625 Hai cảm biến
 []

File: Images/bk_name_vi.png Graphic file (type bmp)
<Images/bk_name_vi.png>

Package fancyhdr Warning: \headheight is too small (33.0pt): 
(fancyhdr)                Make it at least 33.13278pt, for example:
(fancyhdr)                \setlength{\headheight}{33.13278pt}.
(fancyhdr)                You might also make \topmargin smaller:
(fancyhdr)                \addtolength{\topmargin}{-0.13278pt}.

[54]
File: Images/bk_name_vi.png Graphic file (type bmp)
<Images/bk_name_vi.png>


Package fancyhdr Warning: \headheight is too small (33.0pt): 
(fancyhdr)                Make it at least 33.13278pt, for example:
(fancyhdr)                \setlength{\headheight}{33.13278pt}.
(fancyhdr)                You might also make \topmargin smaller:
(fancyhdr)                \addtolength{\topmargin}{-0.13278pt}.

[55]
Underfull \hbox (badness 1810) in paragraph at lines 1260--1261
\TU/TimesNewRoman(0)/m/n/13 động cần điều khiển, chẳng hạn mô-men, vận tốc hoặc
 vị trí. Thuộc tính
 []


Underfull \hbox (badness 10000) in paragraph at lines 1262--1263
\TU/TimesNewRoman(0)/m/n/13 và \TU/CourierNew(0)/m/n/13 PID_velocity.D \TU/Time
sNewRoman(0)/m/n/13 dùng để hiệu chỉnh vòng điều khiển vận tốc.
 []

File: Images/bk_name_vi.png Graphic file (type bmp)
<Images/bk_name_vi.png>

Package fancyhdr Warning: \headheight is too small (33.0pt): 
(fancyhdr)                Make it at least 33.13278pt, for example:
(fancyhdr)                \setlength{\headheight}{33.13278pt}.
(fancyhdr)                You might also make \topmargin smaller:
(fancyhdr)                \addtolength{\topmargin}{-0.13278pt}.

[56])
File: Images/bk_name_vi.png Graphic file (type bmp)
<Images/bk_name_vi.png>


Package fancyhdr Warning: \headheight is too small (33.0pt): 
(fancyhdr)                Make it at least 33.13278pt, for example:
(fancyhdr)                \setlength{\headheight}{33.13278pt}.
(fancyhdr)                You might also make \topmargin smaller:
(fancyhdr)                \addtolength{\topmargin}{-0.13278pt}.

[57] (./Contents/PhanTichThietKeHeThong.tex
Underfull \hbox (badness 10000) in paragraph at lines 23--23
[]|\TU/TimesNewRoman(0)/m/n/13 Tìm hiểu Intel
 []


Underfull \hbox (badness 1024) in paragraph at lines 23--24
\TU/TimesNewRoman(0)/m/n/13 thức kết nối để truyền
 []


Underfull \hbox (badness 1953) in paragraph at lines 25--25
[]|\TU/TimesNewRoman(0)/m/n/13 Xây dựng khả năng tiếp
 []


Underfull \hbox (badness 1558) in paragraph at lines 25--25
\TU/TimesNewRoman(0)/m/n/13 nhận tiếng nói, diễn giải
 []


Underfull \hbox (badness 1622) in paragraph at lines 25--26
[]|\TU/TimesNewRoman(0)/m/n/13 Hỗ trợ hội thoại hằng
 []


Underfull \hbox (badness 7522) in paragraph at lines 27--28
[]|\TU/TimesNewRoman(0)/m/n/13 Đồng bộ được thông
 []


Underfull \hbox (badness 1184) in paragraph at lines 31--32
\TU/TimesNewRoman(0)/m/n/13 giới hạn và hướng cải
 []


ignored: Infinite glue shrinkage found in box being split
File: Images/bk_name_vi.png Graphic file (type bmp)
<Images/bk_name_vi.png>

Package fancyhdr Warning: \headheight is too small (33.0pt): 
(fancyhdr)                Make it at least 33.13278pt, for example:
(fancyhdr)                \setlength{\headheight}{33.13278pt}.
(fancyhdr)                You might also make \topmargin smaller:
(fancyhdr)                \addtolength{\topmargin}{-0.13278pt}.

[58


]
Underfull \hbox (badness 2237) in paragraph at lines 58--58
[]|\TU/TimesNewRoman(0)/m/n/11.8625 Trò chuyện với robot, nhận lời
 []


Underfull \hbox (badness 10000) in paragraph at lines 58--58
[]|\TU/TimesNewRoman(0)/m/n/11.8625 Dịch vụ trực
 []

File: Images/bk_name_vi.png Graphic file (type bmp)
<Images/bk_name_vi.png>

Package fancyhdr Warning: \headheight is too small (33.0pt): 
(fancyhdr)                Make it at least 33.13278pt, for example:
(fancyhdr)                \setlength{\headheight}{33.13278pt}.
(fancyhdr)                You might also make \topmargin smaller:
(fancyhdr)                \addtolength{\topmargin}{-0.13278pt}.

[59]
Underfull \hbox (badness 4391) in paragraph at lines 91--91
[]|\TU/TimesNewRoman(0)/m/n/13 Duy trì người mục
 []


Underfull \hbox (badness 5288) in paragraph at lines 93--93
[]|\TU/TimesNewRoman(0)/m/n/13 Tự động bám theo
 []


Underfull \hbox (badness 1122) in paragraph at lines 99--99
[]|\TU/TimesNewRoman(0)/m/n/13 Xác nhận tình trạng
 []


Underfull \hbox (badness 1558) in paragraph at lines 99--100
\TU/TimesNewRoman(0)/m/n/13 dừng di chuyển, hỏi thăm tình trạng và
 []


Underfull \hbox (badness 10000) in paragraph at lines 107--107
[]|\TU/TimesNewRoman(0)/m/n/13 Chuyển tiếp lệnh
 []


Underfull \hbox (badness 1122) in paragraph at lines 113--113
[]|\TU/TimesNewRoman(0)/m/n/13 Chuyển đổi và triển
 []


ignored: Infinite glue shrinkage found in box being split
File: Images/bk_name_vi.png Graphic file (type bmp)
<Images/bk_name_vi.png>

Package fancyhdr Warning: \headheight is too small (33.0pt): 
(fancyhdr)                Make it at least 33.13278pt, for example:
(fancyhdr)                \setlength{\headheight}{33.13278pt}.
(fancyhdr)                You might also make \topmargin smaller:
(fancyhdr)                \addtolength{\topmargin}{-0.13278pt}.

[60]
ignored: Infinite glue shrinkage found in box being split
File: Images/bk_name_vi.png Graphic file (type bmp)
<Images/bk_name_vi.png>


Package fancyhdr Warning: \headheight is too small (33.0pt): 
(fancyhdr)                Make it at least 33.13278pt, for example:
(fancyhdr)                \setlength{\headheight}{33.13278pt}.
(fancyhdr)                You might also make \topmargin smaller:
(fancyhdr)                \addtolength{\topmargin}{-0.13278pt}.

[61]
ignored: Infinite glue shrinkage found in box being split
File: Images/bk_name_vi.png Graphic file (type bmp)
<Images/bk_name_vi.png>


Package fancyhdr Warning: \headheight is too small (33.0pt): 
(fancyhdr)                Make it at least 33.13278pt, for example:
(fancyhdr)                \setlength{\headheight}{33.13278pt}.
(fancyhdr)                You might also make \topmargin smaller:
(fancyhdr)                \addtolength{\topmargin}{-0.13278pt}.

[62]
Underfull \hbox (badness 10000) in paragraph at lines 139--139
[]|\TU/TimesNewRoman(0)/m/n/13 Khả năng sử
 []


Underfull \hbox (badness 10000) in paragraph at lines 145--145
[]|\TU/TimesNewRoman(0)/m/n/13 Hiệu quả tài
 []


Underfull \hbox (badness 10000) in paragraph at lines 149--149
[]|\TU/TimesNewRoman(0)/m/n/13 Khả năng giải
 []


Underfull \hbox (badness 10000) in paragraph at lines 151--151
[]|\TU/TimesNewRoman(0)/m/n/13 Khả năng mở
 []


Underfull \hbox (badness 1968) in paragraph at lines 153--153
[]|\TU/TimesNewRoman(0)/m/n/13 Khả năng kiểm
 []


ignored: Infinite glue shrinkage found in box being split
File: Images/bk_name_vi.png Graphic file (type bmp)
<Images/bk_name_vi.png>

Package fancyhdr Warning: \headheight is too small (33.0pt): 
(fancyhdr)                Make it at least 33.13278pt, for example:
(fancyhdr)                \setlength{\headheight}{33.13278pt}.
(fancyhdr)                You might also make \topmargin smaller:
(fancyhdr)                \addtolength{\topmargin}{-0.13278pt}.

[63]
File: Images/bk_name_vi.png Graphic file (type bmp)
<Images/bk_name_vi.png>


Package fancyhdr Warning: \headheight is too small (33.0pt): 
(fancyhdr)                Make it at least 33.13278pt, for example:
(fancyhdr)                \setlength{\headheight}{33.13278pt}.
(fancyhdr)                You might also make \topmargin smaller:
(fancyhdr)                \addtolength{\topmargin}{-0.13278pt}.

[64]
Underfull \hbox (badness 10000) in paragraph at lines 183--183
[]|\TU/TimesNewRoman(0)/b/n/11.8625 Yêu cầu liên
 []


Underfull \hbox (badness 10000) in paragraph at lines 183--183
[]|\TU/TimesNewRoman(0)/m/n/11.8625 FR04–FR17,
 []


Underfull \hbox (badness 10000) in paragraph at lines 183--183
[]|\TU/TimesNewRoman(0)/m/n/11.8625 FR01–FR04,
 []


Underfull \hbox (badness 10000) in paragraph at lines 183--183
\TU/TimesNewRoman(0)/m/n/11.8625 FR06, FR13–
 []


Underfull \hbox (badness 4699) in paragraph at lines 183--183
[]|\TU/TimesNewRoman(0)/m/n/11.8625 Hệ thống người
 []


Underfull \hbox (badness 10000) in paragraph at lines 183--183
[]|\TU/TimesNewRoman(0)/m/n/11.8625 FR01–FR03,
 []


Underfull \hbox (badness 10000) in paragraph at lines 183--183
\TU/TimesNewRoman(0)/m/n/11.8625 FR06, FR13–
 []

File: Images/High_Level_System_Architecture.png Graphic file (type bmp)
<Images/High_Level_System_Architecture.png>
File: Images/bk_name_vi.png Graphic file (type bmp)
<Images/bk_name_vi.png>

Package fancyhdr Warning: \headheight is too small (33.0pt): 
(fancyhdr)                Make it at least 33.13278pt, for example:
(fancyhdr)                \setlength{\headheight}{33.13278pt}.
(fancyhdr)                You might also make \topmargin smaller:
(fancyhdr)                \addtolength{\topmargin}{-0.13278pt}.

[65]
Underfull \hbox (badness 6380) in paragraph at lines 204--205
[]|\TU/TimesNewRoman(0)/b/n/13 Thông tin trao
 []


Underfull \hbox (badness 6380) in paragraph at lines 208--209
[]|\TU/TimesNewRoman(0)/b/n/13 Thông tin trao
 []


Underfull \hbox (badness 10000) in paragraph at lines 211--211
[]|\TU/TimesNewRoman(0)/m/n/13 Thực hiện chuyển
 []


Underfull \hbox (badness 4479) in paragraph at lines 211--211
\TU/TimesNewRoman(0)/m/n/13 động bằng hai bánh
 []


Underfull \hbox (badness 1755) in paragraph at lines 211--212
[]|\TU/TimesNewRoman(0)/m/n/13 Vận tốc đặt của
 []


Underfull \hbox (badness 2790) in paragraph at lines 213--213
[]|\TU/TimesNewRoman(0)/m/n/13 Nhận biết và an
 []


Underfull \hbox (badness 5374) in paragraph at lines 213--213
[]|\TU/TimesNewRoman(0)/m/n/13 Thu nhận hình ảnh,
 []


Underfull \hbox (badness 1590) in paragraph at lines 213--213
\TU/TimesNewRoman(0)/m/n/13 phân tích tình huống
 []


Underfull \hbox (badness 10000) in paragraph at lines 213--214
[]|\TU/TimesNewRoman(0)/m/n/13 Khung hình;
 []


Underfull \hbox (badness 10000) in paragraph at lines 213--214
\TU/TimesNewRoman(0)/m/n/13 bounding box
 []


Underfull \hbox (badness 2269) in paragraph at lines 213--214
\TU/TimesNewRoman(0)/m/n/13 của người; điểm
 []


Underfull \hbox (badness 4072) in paragraph at lines 213--214
\TU/TimesNewRoman(0)/m/n/13 khớp; trạng thái
 []


Underfull \hbox (badness 1383) in paragraph at lines 215--215
[]|\TU/TimesNewRoman(0)/m/n/13 Tương tác và hỗ
 []


Underfull \hbox (badness 3058) in paragraph at lines 215--215
[]|\TU/TimesNewRoman(0)/m/n/13 Tiếp nhận tiếng nói,
 []


Underfull \hbox (badness 10000) in paragraph at lines 215--216
\TU/TimesNewRoman(0)/m/n/13 hội thoại; lịch
 []


Underfull \hbox (badness 8132) in paragraph at lines 215--216
\TU/TimesNewRoman(0)/m/n/13 nhắc nhở; phản
 []


Underfull \hbox (badness 10000) in paragraph at lines 215--216
\TU/TimesNewRoman(0)/m/n/13 hồi của người
 []


Underfull \hbox (badness 10000) in paragraph at lines 217--217
[]|\TU/TimesNewRoman(0)/m/n/13 Liên lạc và di
 []


Underfull \hbox (badness 1728) in paragraph at lines 217--217
\TU/TimesNewRoman(0)/m/n/13 hợp nguồn lệnh bám
 []


Underfull \hbox (badness 6063) in paragraph at lines 217--218
[]|\TU/TimesNewRoman(0)/m/n/13 Trạng thái cuộc
 []


Underfull \hbox (badness 10000) in paragraph at lines 217--218
\TU/TimesNewRoman(0)/m/n/13 gọi; âm thanh,
 []


Underfull \hbox (badness 2418) in paragraph at lines 217--218
\TU/TimesNewRoman(0)/m/n/13 hình ảnh; vector
 []


Underfull \hbox (badness 10000) in paragraph at lines 219--220
[]|\TU/TimesNewRoman(0)/m/n/13 Thông tin xác
 []


Underfull \hbox (badness 5622) in paragraph at lines 219--220
\TU/TimesNewRoman(0)/m/n/13 thực; định danh
 []


Underfull \hbox (badness 10000) in paragraph at lines 221--221
[]|\TU/TimesNewRoman(0)/m/n/13 Thông tin chăm
 []


Underfull \hbox (badness 10000) in paragraph at lines 223--223
[]|\TU/TimesNewRoman(0)/m/n/13 Điều phối thời
 []


Underfull \hbox (badness 10000) in paragraph at lines 223--224
\TU/TimesNewRoman(0)/m/n/13 cảnh báo; lệnh;
 []


Underfull \hbox (badness 10000) in paragraph at lines 227--227
[]|\TU/TimesNewRoman(0)/m/n/13 Hệ thống
 []


Underfull \hbox (badness 10000) in paragraph at lines 227--227
\TU/TimesNewRoman(0)/m/n/13 người chăm
 []


Underfull \hbox (badness 10000) in paragraph at lines 227--227
[]|\TU/TimesNewRoman(0)/m/n/13 Hiển thị trạng thái
 []


Underfull \hbox (badness 10000) in paragraph at lines 227--227
\TU/TimesNewRoman(0)/m/n/13 robot, bật hoặc tắt
 []


Underfull \hbox (badness 1831) in paragraph at lines 227--227
\TU/TimesNewRoman(0)/m/n/13 tạo lệnh từ cần điều
 []


Underfull \hbox (badness 5316) in paragraph at lines 227--228
[]|\TU/TimesNewRoman(0)/m/n/13 Trạng thái chức
 []


Underfull \hbox (badness 10000) in paragraph at lines 227--228
\TU/TimesNewRoman(0)/m/n/13 năng; thao tác
 []


Underfull \hbox (badness 3019) in paragraph at lines 227--228
\TU/TimesNewRoman(0)/m/n/13 điều khiển; lệnh
 []


Underfull \hbox (badness 10000) in paragraph at lines 229--229
[]|\TU/TimesNewRoman(0)/m/n/13 Hệ thống
 []


Underfull \hbox (badness 10000) in paragraph at lines 229--229
\TU/TimesNewRoman(0)/m/n/13 người chăm
 []


Underfull \hbox (badness 2409) in paragraph at lines 229--230
\TU/TimesNewRoman(0)/m/n/13 thanh; hình ảnh;
 []


Underfull \hbox (badness 10000) in paragraph at lines 231--231
[]|\TU/TimesNewRoman(0)/m/n/13 Hệ thống
 []


Underfull \hbox (badness 10000) in paragraph at lines 231--231
\TU/TimesNewRoman(0)/m/n/13 người chăm
 []


Underfull \hbox (badness 10000) in paragraph at lines 233--233
[]|\TU/TimesNewRoman(0)/m/n/13 Hệ thống
 []


Underfull \hbox (badness 10000) in paragraph at lines 233--233
\TU/TimesNewRoman(0)/m/n/13 người chăm
 []


Underfull \hbox (badness 10000) in paragraph at lines 233--233
[]|\TU/TimesNewRoman(0)/m/n/13 Quản lý thông tin
 []

File: Images/bk_name_vi.png Graphic file (type bmp)
<Images/bk_name_vi.png>

Package fancyhdr Warning: \headheight is too small (33.0pt): 
(fancyhdr)                Make it at least 33.13278pt, for example:
(fancyhdr)                \setlength{\headheight}{33.13278pt}.
(fancyhdr)                You might also make \topmargin smaller:
(fancyhdr)                \addtolength{\topmargin}{-0.13278pt}.

[66]
ignored: Infinite glue shrinkage found in box being split
File: Images/bk_name_vi.png Graphic file (type bmp)
<Images/bk_name_vi.png>


Package fancyhdr Warning: \headheight is too small (33.0pt): 
(fancyhdr)                Make it at least 33.13278pt, for example:
(fancyhdr)                \setlength{\headheight}{33.13278pt}.
(fancyhdr)                You might also make \topmargin smaller:
(fancyhdr)                \addtolength{\topmargin}{-0.13278pt}.

[67]
File: Images/bk_name_vi.png Graphic file (type bmp)
<Images/bk_name_vi.png>


Package fancyhdr Warning: \headheight is too small (33.0pt): 
(fancyhdr)                Make it at least 33.13278pt, for example:
(fancyhdr)                \setlength{\headheight}{33.13278pt}.
(fancyhdr)                You might also make \topmargin smaller:
(fancyhdr)                \addtolength{\topmargin}{-0.13278pt}.

[68]
Underfull \hbox (badness 5161) in paragraph at lines 275--275
[]|\TU/TimesNewRoman(0)/m/n/11.8625 Người cao tuổi,
 []

File: Images/bk_name_vi.png Graphic file (type bmp)
<Images/bk_name_vi.png>

Package fancyhdr Warning: \headheight is too small (33.0pt): 
(fancyhdr)                Make it at least 33.13278pt, for example:
(fancyhdr)                \setlength{\headheight}{33.13278pt}.
(fancyhdr)                You might also make \topmargin smaller:
(fancyhdr)                \addtolength{\topmargin}{-0.13278pt}.

[69]
File: Images/bk_name_vi.png Graphic file (type bmp)
<Images/bk_name_vi.png>


Package fancyhdr Warning: \headheight is too small (33.0pt): 
(fancyhdr)                Make it at least 33.13278pt, for example:
(fancyhdr)                \setlength{\headheight}{33.13278pt}.
(fancyhdr)                You might also make \topmargin smaller:
(fancyhdr)                \addtolength{\topmargin}{-0.13278pt}.

[70]
File: Images/Activity_Fall_Detection_Design.png Graphic file (type bmp)
<Images/Activity_Fall_Detection_Design.png>
File: Images/bk_name_vi.png Graphic file (type bmp)
<Images/bk_name_vi.png>


Package fancyhdr Warning: \headheight is too small (33.0pt): 
(fancyhdr)                Make it at least 33.13278pt, for example:
(fancyhdr)                \setlength{\headheight}{33.13278pt}.
(fancyhdr)                You might also make \topmargin smaller:
(fancyhdr)                \addtolength{\topmargin}{-0.13278pt}.

[71

]
File: Images/Sequence_Emergency_Response_Design.png Graphic file (type bmp)
<Images/Sequence_Emergency_Response_Design.png>
File: Images/bk_name_vi.png Graphic file (type bmp)
<Images/bk_name_vi.png>


Package fancyhdr Warning: \headheight is too small (33.0pt): 
(fancyhdr)                Make it at least 33.13278pt, for example:
(fancyhdr)                \setlength{\headheight}{33.13278pt}.
(fancyhdr)                You might also make \topmargin smaller:
(fancyhdr)                \addtolength{\topmargin}{-0.13278pt}.

[72

]
File: Images/bk_name_vi.png Graphic file (type bmp)
<Images/bk_name_vi.png>


Package fancyhdr Warning: \headheight is too small (33.0pt): 
(fancyhdr)                Make it at least 33.13278pt, for example:
(fancyhdr)                \setlength{\headheight}{33.13278pt}.
(fancyhdr)                You might also make \topmargin smaller:
(fancyhdr)                \addtolength{\topmargin}{-0.13278pt}.

[73]
File: Images/Activity_Dialogue_Reminder_Design.png Graphic file (type bmp)
<Images/Activity_Dialogue_Reminder_Design.png>
File: Images/bk_name_vi.png Graphic file (type bmp)
<Images/bk_name_vi.png>


Package fancyhdr Warning: \headheight is too small (33.0pt): 
(fancyhdr)                Make it at least 33.13278pt, for example:
(fancyhdr)                \setlength{\headheight}{33.13278pt}.
(fancyhdr)                You might also make \topmargin smaller:
(fancyhdr)                \addtolength{\topmargin}{-0.13278pt}.

[74

]
Underfull \hbox (badness 2503) in paragraph at lines 329--329
[]|\TU/TimesNewRoman(0)/b/n/13 Phương án xem
 []


Underfull \hbox (badness 1102) in paragraph at lines 329--329
[]|\TU/TimesNewRoman(0)/b/n/13 Ưu điểm và hạn
 []


Underfull \hbox (badness 2503) in paragraph at lines 333--333
[]|\TU/TimesNewRoman(0)/b/n/13 Phương án xem
 []


Underfull \hbox (badness 1102) in paragraph at lines 333--333
[]|\TU/TimesNewRoman(0)/b/n/13 Ưu điểm và hạn
 []


Underfull \hbox (badness 7925) in paragraph at lines 336--336
[]|\TU/TimesNewRoman(0)/m/n/13 Ứng dụng di
 []


Underfull \hbox (badness 2547) in paragraph at lines 336--336
\TU/TimesNewRoman(0)/m/n/13 tiện khi tích hợp
 []


Underfull \hbox (badness 10000) in paragraph at lines 336--336
\TU/TimesNewRoman(0)/m/n/13 camera, BLE và
 []


Underfull \hbox (badness 2020) in paragraph at lines 336--336
\TU/TimesNewRoman(0)/m/n/13 dịch vụ nền; nền
 []


Underfull \hbox (badness 7451) in paragraph at lines 336--336
\TU/TimesNewRoman(0)/m/n/13 tảng đa hệ điều
 []


Underfull \hbox (badness 1067) in paragraph at lines 336--336
\TU/TimesNewRoman(0)/m/n/13 hành hỗ trợ dùng
 []


Underfull \hbox (badness 10000) in paragraph at lines 336--336
\TU/TimesNewRoman(0)/m/n/13 chung mã giao
 []


Underfull \hbox (badness 3168) in paragraph at lines 336--336
\TU/TimesNewRoman(0)/m/n/13 cần lớp tích hợp
 []


Underfull \hbox (badness 10000) in paragraph at lines 336--337
[]|\TU/TimesNewRoman(0)/m/n/13 Kotlin, XML và
 []


Underfull \hbox (badness 10000) in paragraph at lines 336--337
\TU/TimesNewRoman(0)/m/n/13 ViewBinding cho
 []


Underfull \hbox (badness 10000) in paragraph at lines 336--337
\TU/TimesNewRoman(0)/m/n/13 hai ứng dụng
 []


Underfull \hbox (badness 1199) in paragraph at lines 338--338
\TU/TimesNewRoman(0)/m/n/13 chủ; suy luận tại
 []


Underfull \hbox (badness 1975) in paragraph at lines 338--338
\TU/TimesNewRoman(0)/m/n/13 nhưng cần truyền
 []


Underfull \hbox (badness 10000) in paragraph at lines 338--339
[]|\TU/TimesNewRoman(0)/m/n/13 TFLite trên
 []


Underfull \hbox (badness 10000) in paragraph at lines 338--339
\TU/TimesNewRoman(0)/m/n/13 RobotApp với
 []


Underfull \hbox (badness 10000) in paragraph at lines 338--339
\TU/TimesNewRoman(0)/m/n/13 cơ chế dự phòng
 []


Underfull \hbox (badness 2197) in paragraph at lines 338--339
\TU/TimesNewRoman(0)/m/n/13 giữa các bộ xử lý
 []


Underfull \hbox (badness 10000) in paragraph at lines 340--340
[]|\TU/TimesNewRoman(0)/m/n/13 Đồng bộ dữ
 []


Underfull \hbox (badness 10000) in paragraph at lines 340--340
[]|\TU/TimesNewRoman(0)/m/n/13 REST tự xây
 []


Underfull \hbox (badness 1331) in paragraph at lines 340--340
\TU/TimesNewRoman(0)/m/n/13 dựng; MQTT; cơ
 []


Underfull \hbox (badness 10000) in paragraph at lines 340--340
\TU/TimesNewRoman(0)/m/n/13 sở dữ liệu thời
 []


Underfull \hbox (badness 10000) in paragraph at lines 340--340
[]|\TU/TimesNewRoman(0)/m/n/13 REST cho phép
 []


Underfull \hbox (badness 10000) in paragraph at lines 340--340
\TU/TimesNewRoman(0)/m/n/13 kiểm soát cao
 []


Underfull \hbox (badness 10000) in paragraph at lines 340--340
\TU/TimesNewRoman(0)/m/n/13 nhưng cần xây
 []


Underfull \hbox (badness 10000) in paragraph at lines 340--340
\TU/TimesNewRoman(0)/m/n/13 dựng máy chủ;
 []


Underfull \hbox (badness 10000) in paragraph at lines 340--340
\TU/TimesNewRoman(0)/m/n/13 MQTT phù hợp
 []


Underfull \hbox (badness 6559) in paragraph at lines 340--340
\TU/TimesNewRoman(0)/m/n/13 khiển nhưng cần
 []


Underfull \hbox (badness 3884) in paragraph at lines 340--340
\TU/TimesNewRoman(0)/m/n/13 lưu trữ bổ sung;
 []


Underfull \hbox (badness 10000) in paragraph at lines 340--340
\TU/TimesNewRoman(0)/m/n/13 RTDB cung cấp
 []


Underfull \hbox (badness 10000) in paragraph at lines 340--340
\TU/TimesNewRoman(0)/m/n/13 listener và cây
 []


Underfull \hbox (badness 5504) in paragraph at lines 340--340
\TU/TimesNewRoman(0)/m/n/13 JSON nhưng đòi
 []


Underfull \hbox (badness 3657) in paragraph at lines 340--340
\TU/TimesNewRoman(0)/m/n/13 hỏi quản lý chặt
 []


Underfull \hbox (badness 10000) in paragraph at lines 340--341
[]|\TU/TimesNewRoman(0)/m/n/13 Firebase
 []


Underfull \hbox (badness 10000) in paragraph at lines 340--341
\TU/TimesNewRoman(0)/m/n/13 Authentication và
 []


Underfull \hbox (badness 10000) in paragraph at lines 340--341
\TU/TimesNewRoman(0)/m/n/13 Realtime Database
 []


Underfull \hbox (badness 10000) in paragraph at lines 342--342
[]|\TU/TimesNewRoman(0)/m/n/13 Truyền âm
 []


Underfull \hbox (badness 2050) in paragraph at lines 342--342
\TU/TimesNewRoman(0)/m/n/13 thanh và hình
 []


Underfull \hbox (badness 10000) in paragraph at lines 342--342
\TU/TimesNewRoman(0)/m/n/13 truyền phát tập
 []


Underfull \hbox (badness 10000) in paragraph at lines 342--342
[]|\TU/TimesNewRoman(0)/m/n/13 Cơ sở dữ liệu
 []


Underfull \hbox (badness 10000) in paragraph at lines 342--342
\TU/TimesNewRoman(0)/m/n/13 không phù hợp
 []


Underfull \hbox (badness 10000) in paragraph at lines 342--342
\TU/TimesNewRoman(0)/m/n/13 truyền hình liên
 []


Underfull \hbox (badness 2027) in paragraph at lines 342--342
\TU/TimesNewRoman(0)/m/n/13 tục; máy chủ tập
 []


Underfull \hbox (badness 6658) in paragraph at lines 342--342
\TU/TimesNewRoman(0)/m/n/13 trợ liên lạc thời
 []


Underfull \hbox (badness 10000) in paragraph at lines 342--342
\TU/TimesNewRoman(0)/m/n/13 gian thực nhưng
 []


Underfull \hbox (badness 4726) in paragraph at lines 342--342
\TU/TimesNewRoman(0)/m/n/13 cần quản lý báo
 []


Underfull \hbox (badness 10000) in paragraph at lines 342--343
[]|\TU/TimesNewRoman(0)/m/n/13 WebRTC truyền
 []


Underfull \hbox (badness 3954) in paragraph at lines 344--344
[]|\TU/TimesNewRoman(0)/m/n/13 Liên kết điện
 []


Underfull \hbox (badness 10000) in paragraph at lines 344--344
\TU/TimesNewRoman(0)/m/n/13 thoại–thân
 []


Underfull \hbox (badness 10000) in paragraph at lines 344--344
\TU/TimesNewRoman(0)/m/n/13 cao nhưng ràng
 []


Underfull \hbox (badness 3895) in paragraph at lines 344--344
\TU/TimesNewRoman(0)/m/n/13 với các gói lệnh
 []


Underfull \hbox (badness 4193) in paragraph at lines 344--345
[]|\TU/TimesNewRoman(0)/m/n/13 BLE GATT vì dữ
 []


Underfull \hbox (badness 3108) in paragraph at lines 344--345
\TU/TimesNewRoman(0)/m/n/13 liệu điều khiển có
 []


Underfull \hbox (badness 2582) in paragraph at lines 344--345
\TU/TimesNewRoman(0)/m/n/13 kích thước nhỏ và
 []


Underfull \hbox (badness 1199) in paragraph at lines 346--346
[]|\TU/TimesNewRoman(0)/m/n/13 Mô hình cục bộ;
 []


Underfull \hbox (badness 10000) in paragraph at lines 346--346
\TU/TimesNewRoman(0)/m/n/13 LLM qua API;
 []


Underfull \hbox (badness 2359) in paragraph at lines 346--346
\TU/TimesNewRoman(0)/m/n/13 nhiều tài nguyên;
 []


Underfull \hbox (badness 1558) in paragraph at lines 346--346
\TU/TimesNewRoman(0)/m/n/13 trợ hội thoại linh
 []


Underfull \hbox (badness 10000) in paragraph at lines 346--346
\TU/TimesNewRoman(0)/m/n/13 hoạt nhưng phụ
 []


Underfull \hbox (badness 3646) in paragraph at lines 346--346
\TU/TimesNewRoman(0)/m/n/13 phí; kịch bản cố
 []


Underfull \hbox (badness 10000) in paragraph at lines 346--347
[]|\TU/TimesNewRoman(0)/m/n/13 Android STT/TTS
 []


Underfull \hbox (badness 3803) in paragraph at lines 346--347
\TU/TimesNewRoman(0)/m/n/13 kết hợp LLM qua
 []


Underfull \hbox (badness 10000) in paragraph at lines 346--347
\TU/TimesNewRoman(0)/m/n/13 API, bổ sung từ
 []


ignored: Infinite glue shrinkage found in box being split
File: Images/bk_name_vi.png Graphic file (type bmp)
<Images/bk_name_vi.png>

Package fancyhdr Warning: \headheight is too small (33.0pt): 
(fancyhdr)                Make it at least 33.13278pt, for example:
(fancyhdr)                \setlength{\headheight}{33.13278pt}.
(fancyhdr)                You might also make \topmargin smaller:
(fancyhdr)                \addtolength{\topmargin}{-0.13278pt}.

[75]
ignored: Infinite glue shrinkage found in box being split
File: Images/bk_name_vi.png Graphic file (type bmp)
<Images/bk_name_vi.png>


Package fancyhdr Warning: \headheight is too small (33.0pt): 
(fancyhdr)                Make it at least 33.13278pt, for example:
(fancyhdr)                \setlength{\headheight}{33.13278pt}.
(fancyhdr)                You might also make \topmargin smaller:
(fancyhdr)                \addtolength{\topmargin}{-0.13278pt}.

[76]
File: Images/bk_name_vi.png Graphic file (type bmp)
<Images/bk_name_vi.png>


Package fancyhdr Warning: \headheight is too small (33.0pt): 
(fancyhdr)                Make it at least 33.13278pt, for example:
(fancyhdr)                \setlength{\headheight}{33.13278pt}.
(fancyhdr)                You might also make \topmargin smaller:
(fancyhdr)                \addtolength{\topmargin}{-0.13278pt}.

[77]
File: Images/bk_name_vi.png Graphic file (type bmp)
<Images/bk_name_vi.png>


Package fancyhdr Warning: \headheight is too small (33.0pt): 
(fancyhdr)                Make it at least 33.13278pt, for example:
(fancyhdr)                \setlength{\headheight}{33.13278pt}.
(fancyhdr)                You might also make \topmargin smaller:
(fancyhdr)                \addtolength{\topmargin}{-0.13278pt}.

[78]
File: Images/bk_name_vi.png Graphic file (type bmp)
<Images/bk_name_vi.png>


Package fancyhdr Warning: \headheight is too small (33.0pt): 
(fancyhdr)                Make it at least 33.13278pt, for example:
(fancyhdr)                \setlength{\headheight}{33.13278pt}.
(fancyhdr)                You might also make \topmargin smaller:
(fancyhdr)                \addtolength{\topmargin}{-0.13278pt}.

[79]
File: Images/Tracking_Association_Target_Score_Design.png Graphic file (type bm
p)
<Images/Tracking_Association_Target_Score_Design.png>
File: Images/bk_name_vi.png Graphic file (type bmp)
<Images/bk_name_vi.png>


Package fancyhdr Warning: \headheight is too small (33.0pt): 
(fancyhdr)                Make it at least 33.13278pt, for example:
(fancyhdr)                \setlength{\headheight}{33.13278pt}.
(fancyhdr)                You might also make \topmargin smaller:
(fancyhdr)                \addtolength{\topmargin}{-0.13278pt}.

[80]
File: Images/bk_name_vi.png Graphic file (type bmp)
<Images/bk_name_vi.png>


Package fancyhdr Warning: \headheight is too small (33.0pt): 
(fancyhdr)                Make it at least 33.13278pt, for example:
(fancyhdr)                \setlength{\headheight}{33.13278pt}.
(fancyhdr)                You might also make \topmargin smaller:
(fancyhdr)                \addtolength{\topmargin}{-0.13278pt}.

[81]
File: Images/Control_Command_Routing_Design.png Graphic file (type bmp)
<Images/Control_Command_Routing_Design.png>
File: Images/bk_name_vi.png Graphic file (type bmp)
<Images/bk_name_vi.png>


Package fancyhdr Warning: \headheight is too small (33.0pt): 
(fancyhdr)                Make it at least 33.13278pt, for example:
(fancyhdr)                \setlength{\headheight}{33.13278pt}.
(fancyhdr)                You might also make \topmargin smaller:
(fancyhdr)                \addtolength{\topmargin}{-0.13278pt}.

[82]
File: Images/bk_name_vi.png Graphic file (type bmp)
<Images/bk_name_vi.png>


Package fancyhdr Warning: \headheight is too small (33.0pt): 
(fancyhdr)                Make it at least 33.13278pt, for example:
(fancyhdr)                \setlength{\headheight}{33.13278pt}.
(fancyhdr)                You might also make \topmargin smaller:
(fancyhdr)                \addtolength{\topmargin}{-0.13278pt}.

[83]
File: Images/Fall_Verification_State_Design.png Graphic file (type bmp)
<Images/Fall_Verification_State_Design.png>
File: Images/bk_name_vi.png Graphic file (type bmp)
<Images/bk_name_vi.png>


Package fancyhdr Warning: \headheight is too small (33.0pt): 
(fancyhdr)                Make it at least 33.13278pt, for example:
(fancyhdr)                \setlength{\headheight}{33.13278pt}.
(fancyhdr)                You might also make \topmargin smaller:
(fancyhdr)                \addtolength{\topmargin}{-0.13278pt}.

[84]
File: Images/bk_name_vi.png Graphic file (type bmp)
<Images/bk_name_vi.png>


Package fancyhdr Warning: \headheight is too small (33.0pt): 
(fancyhdr)                Make it at least 33.13278pt, for example:
(fancyhdr)                \setlength{\headheight}{33.13278pt}.
(fancyhdr)                You might also make \topmargin smaller:
(fancyhdr)                \addtolength{\topmargin}{-0.13278pt}.

[85]
File: Images/bk_name_vi.png Graphic file (type bmp)
<Images/bk_name_vi.png>


Package fancyhdr Warning: \headheight is too small (33.0pt): 
(fancyhdr)                Make it at least 33.13278pt, for example:
(fancyhdr)                \setlength{\headheight}{33.13278pt}.
(fancyhdr)                You might also make \topmargin smaller:
(fancyhdr)                \addtolength{\topmargin}{-0.13278pt}.

[86]
Underfull \hbox (badness 10000) in paragraph at lines 495--495
\TU/TimesNewRoman(0)/m/n/13 pronoun, caregiver,
 []


Underfull \hbox (badness 10000) in paragraph at lines 495--495
\TU/TimesNewRoman(0)/m/n/13 medicalConditions,
 []


Underfull \hbox (badness 1281) in paragraph at lines 495--496
[]|\TU/TimesNewRoman(0)/m/n/13 Hồ sơ và ngữ cảnh hội
 []


Underfull \hbox (badness 10000) in paragraph at lines 497--497
[]|$[][][][][][][][][] [] [][][][][] []
 []


Underfull \hbox (badness 1448) in paragraph at lines 497--497
[]|\TU/TimesNewRoman(0)/m/n/13 title, note, dateMillis,
 []


Underfull \hbox (badness 10000) in paragraph at lines 497--497
\TU/TimesNewRoman(0)/m/n/13 hour, minute,
 []


Underfull \hbox (badness 10000) in paragraph at lines 499--499
[]|$[][][][][][][][] [] [][][][] []
 []


Underfull \hbox (badness 10000) in paragraph at lines 499--499
[]|\TU/TimesNewRoman(0)/m/n/13 scheduleId,
 []


Underfull \hbox (badness 10000) in paragraph at lines 499--499
\TU/TimesNewRoman(0)/m/n/13 triggeredAt, status,
 []


Underfull \hbox (badness 10000) in paragraph at lines 499--499
\TU/TimesNewRoman(0)/m/n/13 elderlyResponse,
 []


Underfull \hbox (badness 10000) in paragraph at lines 499--499
\TU/TimesNewRoman(0)/m/n/13 retryCount,
 []


Underfull \hbox (badness 10000) in paragraph at lines 501--501
[]|$[][][][] [] [][][][][][][][] []
 []


Underfull \hbox (badness 10000) in paragraph at lines 501--501
[][][][][] [] [][][][][] []
 []


Underfull \hbox (badness 10000) in paragraph at lines 503--503
[]|$[][][][] [] [][][][][][][][] []
 []


Underfull \hbox (badness 10000) in paragraph at lines 503--503
[][][][][] [] [][] [] [][][][] []
 []


Underfull \hbox (badness 10000) in paragraph at lines 503--503
[][][][][][][][][] []
 []


Underfull \hbox (badness 10000) in paragraph at lines 505--505
[]|$[][][][] [] [][][][][][][][] []
 []


Underfull \hbox (badness 10000) in paragraph at lines 505--505
[][][][][] [] [][][][][] []
 []


Underfull \hbox (badness 10000) in paragraph at lines 505--506
[]|\TU/TimesNewRoman(0)/m/n/13 Lệnh joystick từ
 []


Underfull \hbox (badness 10000) in paragraph at lines 507--507
[]|$[][][][] [] [][][][][][][][] []
 []


Underfull \hbox (badness 10000) in paragraph at lines 507--507
[][][][][] [] [][][][][][] []
 []


Underfull \hbox (badness 10000) in paragraph at lines 507--507
[]|\TU/TimesNewRoman(0)/m/n/13 status, callerRole,
 []


Underfull \hbox (badness 10000) in paragraph at lines 507--507
\TU/TimesNewRoman(0)/m/n/13 emergencyReason,
 []


Underfull \hbox (badness 10000) in paragraph at lines 507--507
\TU/TimesNewRoman(0)/m/n/13 offer, answer,
 []


Underfull \hbox (badness 10000) in paragraph at lines 507--507
\TU/TimesNewRoman(0)/m/n/13 robotCandidates,
 []


Underfull \hbox (badness 5460) in paragraph at lines 507--508
[]|\TU/TimesNewRoman(0)/m/n/13 Signaling và trạng thái
 []


Underfull \hbox (badness 10000) in paragraph at lines 509--509
[]|$[][][][] [] [][][][][][][][] []
 []


Underfull \hbox (badness 10000) in paragraph at lines 509--509
[][][][][] [] [][][][] []
 []


Underfull \hbox (badness 10000) in paragraph at lines 509--509
[]|\TU/TimesNewRoman(0)/m/n/13 timestamp,
 []


Underfull \hbox (badness 10000) in paragraph at lines 509--509
\TU/TimesNewRoman(0)/m/n/13 trackId, probFall,
 []


Underfull \hbox (badness 10000) in paragraph at lines 509--509
\TU/TimesNewRoman(0)/m/n/13 verificationReason,
 []


Underfull \hbox (badness 10000) in paragraph at lines 509--509
\TU/TimesNewRoman(0)/m/n/13 confirmationStatus,
 []


Underfull \hbox (badness 10000) in paragraph at lines 509--510
[]|\TU/TimesNewRoman(0)/m/n/13 Cảnh báo nguy
 []


Underfull \hbox (badness 10000) in paragraph at lines 511--511
[]|$[][][][] [] [][][][][][][][] []
 []


Underfull \hbox (badness 10000) in paragraph at lines 511--511
[][][][][] [] [][][][] []
 []


Underfull \hbox (badness 10000) in paragraph at lines 511--511
[]|\TU/TimesNewRoman(0)/m/n/13 timestamp, initiator,
 []


ignored: Infinite glue shrinkage found in box being split
File: Images/bk_name_vi.png Graphic file (type bmp)
<Images/bk_name_vi.png>

Package fancyhdr Warning: \headheight is too small (33.0pt): 
(fancyhdr)                Make it at least 33.13278pt, for example:
(fancyhdr)                \setlength{\headheight}{33.13278pt}.
(fancyhdr)                You might also make \topmargin smaller:
(fancyhdr)                \addtolength{\topmargin}{-0.13278pt}.

[87]
Package hyperref Info: bookmark level for unknown lstlisting defaults to 0 on i
nput line 519.
File: Images/bk_name_vi.png Graphic file (type bmp)
<Images/bk_name_vi.png>


Package fancyhdr Warning: \headheight is too small (33.0pt): 
(fancyhdr)                Make it at least 33.13278pt, for example:
(fancyhdr)                \setlength{\headheight}{33.13278pt}.
(fancyhdr)                You might also make \topmargin smaller:
(fancyhdr)                \addtolength{\topmargin}{-0.13278pt}.

[88]
File: Images/bk_name_vi.png Graphic file (type bmp)
<Images/bk_name_vi.png>


Package fancyhdr Warning: \headheight is too small (33.0pt): 
(fancyhdr)                Make it at least 33.13278pt, for example:
(fancyhdr)                \setlength{\headheight}{33.13278pt}.
(fancyhdr)                You might also make \topmargin smaller:
(fancyhdr)                \addtolength{\topmargin}{-0.13278pt}.

[89]
Underfull \hbox (badness 1845) in paragraph at lines 577--578
\TU/TimesNewRoman(0)/m/n/13 tên \TU/CourierNew(0)/m/n/13 OhmniRobot\TU/TimesNew
Roman(0)/m/n/13 . Mã định danh dịch vụ là \TU/CourierNew(0)/m/n/13 4FAFC201-1FB
5-459E-8FCC-
 []


Underfull \hbox (badness 10000) in paragraph at lines 577--578
\TU/CourierNew(0)/m/n/13 EA07361B26A8\TU/TimesNewRoman(0)/m/n/13 . Gói lệnh là 
chuỗi ASCII dạng \TU/CourierNew(0)/m/n/13 L<float>R<float>\n\TU/TimesNewRoman(0
)/m/n/13 ,
 []

File: Images/bk_name_vi.png Graphic file (type bmp)
<Images/bk_name_vi.png>

Package fancyhdr Warning: \headheight is too small (33.0pt): 
(fancyhdr)                Make it at least 33.13278pt, for example:
(fancyhdr)                \setlength{\headheight}{33.13278pt}.
(fancyhdr)                You might also make \topmargin smaller:
(fancyhdr)                \addtolength{\topmargin}{-0.13278pt}.

[90])
File: Images/bk_name_vi.png Graphic file (type bmp)
<Images/bk_name_vi.png>


Package fancyhdr Warning: \headheight is too small (33.0pt): 
(fancyhdr)                Make it at least 33.13278pt, for example:
(fancyhdr)                \setlength{\headheight}{33.13278pt}.
(fancyhdr)                You might also make \topmargin smaller:
(fancyhdr)                \addtolength{\topmargin}{-0.13278pt}.

[91] (./Contents/HienThucHeThong.tex
Underfull \hbox (badness 1033) in paragraph at lines 7--8
[]\TU/TimesNewRoman(0)/m/n/13 Hình [][]4.1[][] thể hiện các thành phần và công 
nghệ được sử dụng theo thiết
 []

File: Images/System_Implementation_Architecture_Overview_Style_Figma.png Graphi
c file (type bmp)
<Images/System_Implementation_Architecture_Overview_Style_Figma.png>
File: Images/bk_name_vi.png Graphic file (type bmp)
<Images/bk_name_vi.png>

Package fancyhdr Warning: \headheight is too small (33.0pt): 
(fancyhdr)                Make it at least 33.13278pt, for example:
(fancyhdr)                \setlength{\headheight}{33.13278pt}.
(fancyhdr)                You might also make \topmargin smaller:
(fancyhdr)                \addtolength{\topmargin}{-0.13278pt}.

[92


]
File: Images/Design_Implementation_Mapping.png Graphic file (type bmp)
<Images/Design_Implementation_Mapping.png>
File: Images/bk_name_vi.png Graphic file (type bmp)
<Images/bk_name_vi.png>


Package fancyhdr Warning: \headheight is too small (33.0pt): 
(fancyhdr)                Make it at least 33.13278pt, for example:
(fancyhdr)                \setlength{\headheight}{33.13278pt}.
(fancyhdr)                You might also make \topmargin smaller:
(fancyhdr)                \addtolength{\topmargin}{-0.13278pt}.

[93]
Underfull \hbox (badness 2035) in paragraph at lines 29--30
[]\TU/TimesNewRoman(0)/m/n/13 Hệ thống gồm bốn thành phần được phát triển độc l
ập nhưng sử dụng
 []


Underfull \hbox (badness 2073) in paragraph at lines 29--30
\TU/TimesNewRoman(0)/m/n/13 cấu trúc dữ liệu và quy ước trao đổi thống nhất. Ro
botApp và CaregiverApp
 []


Underfull \hbox (badness 4060) in paragraph at lines 29--30
\TU/TimesNewRoman(0)/m/n/13 được xây dựng bằng Kotlin, giao diện XML và ViewBin
ding. RobotApp sử
 []


Underfull \hbox (badness 4132) in paragraph at lines 29--30
\TU/TimesNewRoman(0)/m/n/13 dụng package \TU/CourierNew(0)/m/n/13 com.example.d
atn_v1\TU/TimesNewRoman(0)/m/n/13 , còn CaregiverApp sử dụng package
 []


Underfull \hbox (badness 10000) in paragraph at lines 48--48
[]|\TU/TimesNewRoman(0)/m/n/11.8625 Android/Kotlin, CameraX,
 []


Underfull \hbox (badness 10000) in paragraph at lines 48--48
\TU/TimesNewRoman(0)/m/n/11.8625 TFLite, OpenCV, Firebase,
 []


Underfull \hbox (badness 10000) in paragraph at lines 48--48
[]|\TU/TimesNewRoman(0)/m/n/11.8625 Android/Kotlin, Firebase
 []


Underfull \hbox (badness 10000) in paragraph at lines 48--48
[]|\TU/TimesNewRoman(0)/m/n/11.8625 Python, Keras/TensorFlow,
 []


Underfull \hbox (badness 2818) in paragraph at lines 48--48
\TU/TimesNewRoman(0)/m/n/11.8625 Ultralytics, ONNX, onnx2tf,
 []


Underfull \hbox (badness 10000) in paragraph at lines 48--48
[]|\TU/TimesNewRoman(0)/m/n/11.8625 ESP32, NimBLE,
 []


Underfull \hbox (badness 2426) in paragraph at lines 51--52
\TU/TimesNewRoman(0)/m/n/13 WebRTC native, OkHttp và Kotlin Coroutines. Caregiv
erApp sử dụng Firebase
 []

File: Images/bk_name_vi.png Graphic file (type bmp)
<Images/bk_name_vi.png>

Package fancyhdr Warning: \headheight is too small (33.0pt): 
(fancyhdr)                Make it at least 33.13278pt, for example:
(fancyhdr)                \setlength{\headheight}{33.13278pt}.
(fancyhdr)                You might also make \topmargin smaller:
(fancyhdr)                \addtolength{\topmargin}{-0.13278pt}.

[94]
File: Images/robotapp_home.jpg Graphic file (type bmp)
<Images/robotapp_home.jpg>
File: Images/robotapp_profile.jpg Graphic file (type bmp)
<Images/robotapp_profile.jpg>
File: Images/bk_name_vi.png Graphic file (type bmp)
<Images/bk_name_vi.png>


Package fancyhdr Warning: \headheight is too small (33.0pt): 
(fancyhdr)                Make it at least 33.13278pt, for example:
(fancyhdr)                \setlength{\headheight}{33.13278pt}.
(fancyhdr)                You might also make \topmargin smaller:
(fancyhdr)                \addtolength{\topmargin}{-0.13278pt}.

[95]
File: Images/bk_name_vi.png Graphic file (type bmp)
<Images/bk_name_vi.png>


Package fancyhdr Warning: \headheight is too small (33.0pt): 
(fancyhdr)                Make it at least 33.13278pt, for example:
(fancyhdr)                \setlength{\headheight}{33.13278pt}.
(fancyhdr)                You might also make \topmargin smaller:
(fancyhdr)                \addtolength{\topmargin}{-0.13278pt}.

[96]
Underfull \hbox (badness 10000) in paragraph at lines 111--111
[]|\TU/TimesNewRoman(0)/b/n/10.83342 Kích
 []


Underfull \hbox (badness 10000) in paragraph at lines 111--111
[]|\TU/TimesNewRoman(0)/m/n/10.83342 11.838.836
 []


Overfull \hbox (1.80305pt too wide) in paragraph at lines 111--111
[]|\TU/CourierNew(0)/m/n/10.83342 [1,56,2100]| 
 []

File: Images/bk_name_vi.png Graphic file (type bmp)
<Images/bk_name_vi.png>

Package fancyhdr Warning: \headheight is too small (33.0pt): 
(fancyhdr)                Make it at least 33.13278pt, for example:
(fancyhdr)                \setlength{\headheight}{33.13278pt}.
(fancyhdr)                You might also make \topmargin smaller:
(fancyhdr)                \addtolength{\topmargin}{-0.13278pt}.

[97]
File: Images/bk_name_vi.png Graphic file (type bmp)
<Images/bk_name_vi.png>


Package fancyhdr Warning: \headheight is too small (33.0pt): 
(fancyhdr)                Make it at least 33.13278pt, for example:
(fancyhdr)                \setlength{\headheight}{33.13278pt}.
(fancyhdr)                You might also make \topmargin smaller:
(fancyhdr)                \addtolength{\topmargin}{-0.13278pt}.

[98]
File: Images/bk_name_vi.png Graphic file (type bmp)
<Images/bk_name_vi.png>


Package fancyhdr Warning: \headheight is too small (33.0pt): 
(fancyhdr)                Make it at least 33.13278pt, for example:
(fancyhdr)                \setlength{\headheight}{33.13278pt}.
(fancyhdr)                You might also make \topmargin smaller:
(fancyhdr)                \addtolength{\topmargin}{-0.13278pt}.

[99]
Underfull \hbox (badness 10000) in paragraph at lines 173--173
[]|$\OT1/cmr/m/n/12 [0\OML/cmm/m/it/12 ; W[]\OT1/cmr/m/n/12 ] \OMS/cmsy/m/n/12 
^^B
 []


Underfull \hbox (badness 4181) in paragraph at lines 173--173
[]|\TU/TimesNewRoman(0)/m/n/11.8625 Khung hình gốc nhận từ
 []


Underfull \hbox (badness 10000) in paragraph at lines 173--173
[]|$\OT1/cmr/m/n/12 [0\OML/cmm/m/it/12 ; \OT1/cmr/m/n/12 320] \OMS/cmsy/m/n/12 
^^B
 []


Underfull \hbox (badness 10000) in paragraph at lines 173--173
[]|$\OT1/cmr/m/n/12 [0\OML/cmm/m/it/12 ; W[]\OT1/cmr/m/n/12 ] \OMS/cmsy/m/n/12 
^^B
 []


Underfull \hbox (badness 10000) in paragraph at lines 173--173
[]|\TU/CourierNew(0)/m/n/11.8625 BoundingBoxOverlay
 []

File: Images/bk_name_vi.png Graphic file (type bmp)
<Images/bk_name_vi.png>

Package fancyhdr Warning: \headheight is too small (33.0pt): 
(fancyhdr)                Make it at least 33.13278pt, for example:
(fancyhdr)                \setlength{\headheight}{33.13278pt}.
(fancyhdr)                You might also make \topmargin smaller:
(fancyhdr)                \addtolength{\topmargin}{-0.13278pt}.

[100]
File: Images/bk_name_vi.png Graphic file (type bmp)
<Images/bk_name_vi.png>


Package fancyhdr Warning: \headheight is too small (33.0pt): 
(fancyhdr)                Make it at least 33.13278pt, for example:
(fancyhdr)                \setlength{\headheight}{33.13278pt}.
(fancyhdr)                You might also make \topmargin smaller:
(fancyhdr)                \addtolength{\topmargin}{-0.13278pt}.

[101]
File: Images/bk_name_vi.png Graphic file (type bmp)
<Images/bk_name_vi.png>


Package fancyhdr Warning: \headheight is too small (33.0pt): 
(fancyhdr)                Make it at least 33.13278pt, for example:
(fancyhdr)                \setlength{\headheight}{33.13278pt}.
(fancyhdr)                You might also make \topmargin smaller:
(fancyhdr)                \addtolength{\topmargin}{-0.13278pt}.

[102]
File: Images/bk_name_vi.png Graphic file (type bmp)
<Images/bk_name_vi.png>


Package fancyhdr Warning: \headheight is too small (33.0pt): 
(fancyhdr)                Make it at least 33.13278pt, for example:
(fancyhdr)                \setlength{\headheight}{33.13278pt}.
(fancyhdr)                You might also make \topmargin smaller:
(fancyhdr)                \addtolength{\topmargin}{-0.13278pt}.

[103]
File: Images/bk_name_vi.png Graphic file (type bmp)
<Images/bk_name_vi.png>


Package fancyhdr Warning: \headheight is too small (33.0pt): 
(fancyhdr)                Make it at least 33.13278pt, for example:
(fancyhdr)                \setlength{\headheight}{33.13278pt}.
(fancyhdr)                You might also make \topmargin smaller:
(fancyhdr)                \addtolength{\topmargin}{-0.13278pt}.

[104]
Underfull \hbox (badness 1540) in paragraph at lines 334--335
[]\TU/TimesNewRoman(0)/m/n/13 Người mục tiêu được gán định danh \TU/CourierNew(
0)/m/n/13 PRIMARY_TRACK_ID=0\TU/TimesNewRoman(0)/m/n/13 . Hàm lựa
 []

File: Images/bk_name_vi.png Graphic file (type bmp)
<Images/bk_name_vi.png>

Package fancyhdr Warning: \headheight is too small (33.0pt): 
(fancyhdr)                Make it at least 33.13278pt, for example:
(fancyhdr)                \setlength{\headheight}{33.13278pt}.
(fancyhdr)                You might also make \topmargin smaller:
(fancyhdr)                \addtolength{\topmargin}{-0.13278pt}.

[105]
File: Images/bk_name_vi.png Graphic file (type bmp)
<Images/bk_name_vi.png>


Package fancyhdr Warning: \headheight is too small (33.0pt): 
(fancyhdr)                Make it at least 33.13278pt, for example:
(fancyhdr)                \setlength{\headheight}{33.13278pt}.
(fancyhdr)                You might also make \topmargin smaller:
(fancyhdr)                \addtolength{\topmargin}{-0.13278pt}.

[106]
File: Images/bk_name_vi.png Graphic file (type bmp)
<Images/bk_name_vi.png>


Package fancyhdr Warning: \headheight is too small (33.0pt): 
(fancyhdr)                Make it at least 33.13278pt, for example:
(fancyhdr)                \setlength{\headheight}{33.13278pt}.
(fancyhdr)                You might also make \topmargin smaller:
(fancyhdr)                \addtolength{\topmargin}{-0.13278pt}.

[107]
Underfull \hbox (badness 10000) in paragraph at lines 407--408
[]\TU/TimesNewRoman(0)/m/n/13 Sau khi làm mượt vector bám theo, \TU/CourierNew(
0)/m/n/13 sendTrackingVector() \TU/TimesNewRoman(0)/m/n/13 gọi
 []


Overfull \hbox (10.98705pt too wide) in paragraph at lines 407--408
\TU/CourierNew(0)/m/n/13 sendFollowCommand(x,y) \TU/TimesNewRoman(0)/m/n/13 và 
chuyển lệnh trực tiếp đến \TU/CourierNew(0)/m/n/13 RobotControlManager
 []

File: Images/robotapp_tracking_front.jpg Graphic file (type bmp)
<Images/robotapp_tracking_front.jpg>
File: Images/robotapp_tracking_walk.jpg Graphic file (type bmp)
<Images/robotapp_tracking_walk.jpg>

Underfull \hbox (badness 10000) in paragraph at lines 432--433
[]\TU/CourierNew(0)/m/n/13 LstmFallDetector \TU/TimesNewRoman(0)/m/n/13 nạp mô 
hình $[][][][] [] [][][][][][][][][] [] [][][][] [] [][] []
 []

File: Images/bk_name_vi.png Graphic file (type bmp)
<Images/bk_name_vi.png>

Package fancyhdr Warning: \headheight is too small (33.0pt): 
(fancyhdr)                Make it at least 33.13278pt, for example:
(fancyhdr)                \setlength{\headheight}{33.13278pt}.
(fancyhdr)                You might also make \topmargin smaller:
(fancyhdr)                \addtolength{\topmargin}{-0.13278pt}.

[108]
File: Images/bk_name_vi.png Graphic file (type bmp)
<Images/bk_name_vi.png>


Package fancyhdr Warning: \headheight is too small (33.0pt): 
(fancyhdr)                Make it at least 33.13278pt, for example:
(fancyhdr)                \setlength{\headheight}{33.13278pt}.
(fancyhdr)                You might also make \topmargin smaller:
(fancyhdr)                \addtolength{\topmargin}{-0.13278pt}.

[109]
File: Images/robotapp_tracking_front2.jpg Graphic file (type bmp)
<Images/robotapp_tracking_front2.jpg>
File: Images/robotapp_tracking_back.jpg Graphic file (type bmp)
<Images/robotapp_tracking_back.jpg>
File: Images/bk_name_vi.png Graphic file (type bmp)
<Images/bk_name_vi.png>


Package fancyhdr Warning: \headheight is too small (33.0pt): 
(fancyhdr)                Make it at least 33.13278pt, for example:
(fancyhdr)                \setlength{\headheight}{33.13278pt}.
(fancyhdr)                You might also make \topmargin smaller:
(fancyhdr)                \addtolength{\topmargin}{-0.13278pt}.

[110]
File: Images/bk_name_vi.png Graphic file (type bmp)
<Images/bk_name_vi.png>


Package fancyhdr Warning: \headheight is too small (33.0pt): 
(fancyhdr)                Make it at least 33.13278pt, for example:
(fancyhdr)                \setlength{\headheight}{33.13278pt}.
(fancyhdr)                You might also make \topmargin smaller:
(fancyhdr)                \addtolength{\topmargin}{-0.13278pt}.

[111]
Overfull \hbox (10.59464pt too wide) in paragraph at lines 471--472
[]$[][][][][][][] [] [][][][][][][][]$ \TU/TimesNewRoman(0)/m/n/13 phối hợp ba 
thành phần: $[][][][][][][][][][][][][][][][][][][][][][][]$
 []


Underfull \hbox (badness 1005) in paragraph at lines 473--474
[]\TU/CourierNew(0)/m/n/13 GroqChatService \TU/TimesNewRoman(0)/m/n/13 gọi điểm
 cuối \TU/CourierNew(0)/m/n/13 /openai/v1/chat/completions
 []


Underfull \hbox (badness 1622) in paragraph at lines 473--474
\TU/TimesNewRoman(0)/m/n/13 cơ chế Server-Sent Events (SSE) có tiền tố \TU/Cour
ierNew(0)/m/n/13 data:\TU/TimesNewRoman(0)/m/n/13 , dịch vụ đọc nội dung tại
 []

File: Images/bk_name_vi.png Graphic file (type bmp)
<Images/bk_name_vi.png>

Package fancyhdr Warning: \headheight is too small (33.0pt): 
(fancyhdr)                Make it at least 33.13278pt, for example:
(fancyhdr)                \setlength{\headheight}{33.13278pt}.
(fancyhdr)                You might also make \topmargin smaller:
(fancyhdr)                \addtolength{\topmargin}{-0.13278pt}.

[112]
File: Images/robotapp_chatbot_idle.jpg Graphic file (type bmp)
<Images/robotapp_chatbot_idle.jpg>

Underfull \hbox (badness 10000) in paragraph at lines 488--489
[]\TU/CourierNew(0)/m/n/13 ReminderService \TU/TimesNewRoman(0)/m/n/13 lắng ngh
e lịch tại \TU/CourierNew(0)/m/n/13 Schedules/{uid} \TU/TimesNewRoman(0)/m/n/13
 và hồ
 []


Underfull \hbox (badness 4582) in paragraph at lines 488--489
\TU/TimesNewRoman(0)/m/n/13 sơ tại \TU/CourierNew(0)/m/n/13 Users/{uid}\TU/Time
sNewRoman(0)/m/n/13 . Khi đến thời điểm nhắc, dịch vụ tạo bản ghi dưới
 []


Underfull \hbox (badness 1147) in paragraph at lines 488--489
\TU/CourierNew(0)/m/n/13 reminder_logs/{uid} \TU/TimesNewRoman(0)/m/n/13 và gửi
 sự kiện đến chatbot để phát lời nhắc. Người
 []

File: Images/bk_name_vi.png Graphic file (type bmp)
<Images/bk_name_vi.png>

Package fancyhdr Warning: \headheight is too small (33.0pt): 
(fancyhdr)                Make it at least 33.13278pt, for example:
(fancyhdr)                \setlength{\headheight}{33.13278pt}.
(fancyhdr)                You might also make \topmargin smaller:
(fancyhdr)                \addtolength{\topmargin}{-0.13278pt}.

[113]
Underfull \hbox (badness 2698) in paragraph at lines 492--493
[]\TU/CourierNew(0)/m/n/13 video_call_fragment \TU/TimesNewRoman(0)/m/n/13 khởi
 tạo \TU/CourierNew(0)/m/n/13 PeerConnectionFactory\TU/TimesNewRoman(0)/m/n/13 
, nguồn
 []


Underfull \hbox (badness 1694) in paragraph at lines 492--493
\TU/TimesNewRoman(0)/m/n/13 âm thanh và hình ảnh, thành phần hiển thị video cùn
g tham chiếu đến nhánh
 []

File: Images/robotapp_call_idle.jpg Graphic file (type bmp)
<Images/robotapp_call_idle.jpg>
File: Images/robotapp_call_active.jpg Graphic file (type bmp)
<Images/robotapp_call_active.jpg>
File: Images/bk_name_vi.png Graphic file (type bmp)
<Images/bk_name_vi.png>

Package fancyhdr Warning: \headheight is too small (33.0pt): 
(fancyhdr)                Make it at least 33.13278pt, for example:
(fancyhdr)                \setlength{\headheight}{33.13278pt}.
(fancyhdr)                You might also make \topmargin smaller:
(fancyhdr)                \addtolength{\topmargin}{-0.13278pt}.

[114]
File: Images/bk_name_vi.png Graphic file (type bmp)
<Images/bk_name_vi.png>


Package fancyhdr Warning: \headheight is too small (33.0pt): 
(fancyhdr)                Make it at least 33.13278pt, for example:
(fancyhdr)                \setlength{\headheight}{33.13278pt}.
(fancyhdr)                You might also make \topmargin smaller:
(fancyhdr)                \addtolength{\topmargin}{-0.13278pt}.

[115]
File: Images/bk_name_vi.png Graphic file (type bmp)
<Images/bk_name_vi.png>


Package fancyhdr Warning: \headheight is too small (33.0pt): 
(fancyhdr)                Make it at least 33.13278pt, for example:
(fancyhdr)                \setlength{\headheight}{33.13278pt}.
(fancyhdr)                You might also make \topmargin smaller:
(fancyhdr)                \addtolength{\topmargin}{-0.13278pt}.

[116]
File: Images/caregiver_profile_top.jpg Graphic file (type bmp)
<Images/caregiver_profile_top.jpg>
File: Images/caregiver_profile_bottom.jpg Graphic file (type bmp)
<Images/caregiver_profile_bottom.jpg>

Underfull \hbox (badness 1189) in paragraph at lines 581--582
[]$[][][][][][][][] [] [][][][][][][][]$ \TU/TimesNewRoman(0)/m/n/13 cập nhật h
ai giá trị trạng thái $[][][][][] [] [][][][][][] []
 []

File: Images/caregiver_tracking.jpg Graphic file (type bmp)
<Images/caregiver_tracking.jpg>
File: Images/bk_name_vi.png Graphic file (type bmp)
<Images/bk_name_vi.png>

Package fancyhdr Warning: \headheight is too small (33.0pt): 
(fancyhdr)                Make it at least 33.13278pt, for example:
(fancyhdr)                \setlength{\headheight}{33.13278pt}.
(fancyhdr)                You might also make \topmargin smaller:
(fancyhdr)                \addtolength{\topmargin}{-0.13278pt}.

[117]
File: Images/bk_name_vi.png Graphic file (type bmp)
<Images/bk_name_vi.png>


Package fancyhdr Warning: \headheight is too small (33.0pt): 
(fancyhdr)                Make it at least 33.13278pt, for example:
(fancyhdr)                \setlength{\headheight}{33.13278pt}.
(fancyhdr)                You might also make \topmargin smaller:
(fancyhdr)                \addtolength{\topmargin}{-0.13278pt}.

[118]
Underfull \hbox (badness 10000) in paragraph at lines 594--595
\TU/TimesNewRoman(0)/m/n/13 Người chăm sóc tạo hoặc cập nhật lịch qua \TU/Couri
erNew(0)/m/n/13 AddScheduleFragment\TU/TimesNewRoman(0)/m/n/13 ;
 []


Underfull \hbox (badness 2818) in paragraph at lines 594--595
\TU/CourierNew(0)/m/n/13 ScheduleAdapter \TU/TimesNewRoman(0)/m/n/13 hiển thị d
anh sách bằng RecyclerView và liên kết công
 []

File: Images/caregiver_schedule_list.jpg Graphic file (type bmp)
<Images/caregiver_schedule_list.jpg>
File: Images/caregiver_schedule_date.jpg Graphic file (type bmp)
<Images/caregiver_schedule_date.jpg>
File: Images/caregiver_schedule_time.jpg Graphic file (type bmp)
<Images/caregiver_schedule_time.jpg>
File: Images/caregiver_log_calls.jpg Graphic file (type bmp)
<Images/caregiver_log_calls.jpg>
File: Images/caregiver_log_reminders.jpg Graphic file (type bmp)
<Images/caregiver_log_reminders.jpg>
File: Images/caregiver_log_alerts.jpg Graphic file (type bmp)
<Images/caregiver_log_alerts.jpg>

Underfull \hbox (badness 5741) in paragraph at lines 650--651
[]\TU/CourierNew(0)/m/n/13 IncomingCallService \TU/TimesNewRoman(0)/m/n/13 là d
ịch vụ chạy nền có thông báo thường
 []


Underfull \hbox (badness 10000) in paragraph at lines 650--651
\TU/TimesNewRoman(0)/m/n/13 trực (foreground service), lắng nghe nhánh \TU/Cour
ierNew(0)/m/n/13 webrtc_signal\TU/TimesNewRoman(0)/m/n/13 . Khi nhận
 []

File: Images/bk_name_vi.png Graphic file (type bmp)
<Images/bk_name_vi.png>

Package fancyhdr Warning: \headheight is too small (33.0pt): 
(fancyhdr)                Make it at least 33.13278pt, for example:
(fancyhdr)                \setlength{\headheight}{33.13278pt}.
(fancyhdr)                You might also make \topmargin smaller:
(fancyhdr)                \addtolength{\topmargin}{-0.13278pt}.

[119]
File: Images/bk_name_vi.png Graphic file (type bmp)
<Images/bk_name_vi.png>


Package fancyhdr Warning: \headheight is too small (33.0pt): 
(fancyhdr)                Make it at least 33.13278pt, for example:
(fancyhdr)                \setlength{\headheight}{33.13278pt}.
(fancyhdr)                You might also make \topmargin smaller:
(fancyhdr)                \addtolength{\topmargin}{-0.13278pt}.

[120]
File: Images/bk_name_vi.png Graphic file (type bmp)
<Images/bk_name_vi.png>


Package fancyhdr Warning: \headheight is too small (33.0pt): 
(fancyhdr)                Make it at least 33.13278pt, for example:
(fancyhdr)                \setlength{\headheight}{33.13278pt}.
(fancyhdr)                You might also make \topmargin smaller:
(fancyhdr)                \addtolength{\topmargin}{-0.13278pt}.

[121]
File: Images/caregiver_incoming_call.jpg Graphic file (type bmp)
<Images/caregiver_incoming_call.jpg>
File: Images/bk_name_vi.png Graphic file (type bmp)
<Images/bk_name_vi.png>


Package fancyhdr Warning: \headheight is too small (33.0pt): 
(fancyhdr)                Make it at least 33.13278pt, for example:
(fancyhdr)                \setlength{\headheight}{33.13278pt}.
(fancyhdr)                You might also make \topmargin smaller:
(fancyhdr)                \addtolength{\topmargin}{-0.13278pt}.

[122]
Underfull \hbox (badness 4072) in paragraph at lines 663--664
[]\TU/CourierNew(0)/m/n/13 video_call_fragment \TU/TimesNewRoman(0)/m/n/13 xử l
ý cả vai trò gọi đi và nhận cuộc gọi,
 []


Underfull \hbox (badness 2818) in paragraph at lines 663--664
\TU/TimesNewRoman(0)/m/n/13 hiển thị hình ảnh cục bộ, từ xa và trao đổi thông t
in thiết lập phiên. Hàm
 []


Underfull \hbox (badness 3386) in paragraph at lines 663--664
\TU/CourierNew(0)/m/n/13 setupVirtualJoystick() \TU/TimesNewRoman(0)/m/n/13 xác
 định tâm và bán kính di chuyển của cần
 []

File: Images/caregiver_call_dialing.jpg Graphic file (type bmp)
<Images/caregiver_call_dialing.jpg>
File: Images/caregiver_call_controls.jpg Graphic file (type bmp)
<Images/caregiver_call_controls.jpg>
File: Images/caregiver_call_joystick.jpg Graphic file (type bmp)
<Images/caregiver_call_joystick.jpg>
File: Images/bk_name_vi.png Graphic file (type bmp)
<Images/bk_name_vi.png>

Package fancyhdr Warning: \headheight is too small (33.0pt): 
(fancyhdr)                Make it at least 33.13278pt, for example:
(fancyhdr)                \setlength{\headheight}{33.13278pt}.
(fancyhdr)                You might also make \topmargin smaller:
(fancyhdr)                \addtolength{\topmargin}{-0.13278pt}.

[123]
File: Images/bk_name_vi.png Graphic file (type bmp)
<Images/bk_name_vi.png>


Package fancyhdr Warning: \headheight is too small (33.0pt): 
(fancyhdr)                Make it at least 33.13278pt, for example:
(fancyhdr)                \setlength{\headheight}{33.13278pt}.
(fancyhdr)                You might also make \topmargin smaller:
(fancyhdr)                \addtolength{\topmargin}{-0.13278pt}.

[124]
File: Images/bk_name_vi.png Graphic file (type bmp)
<Images/bk_name_vi.png>


Package fancyhdr Warning: \headheight is too small (33.0pt): 
(fancyhdr)                Make it at least 33.13278pt, for example:
(fancyhdr)                \setlength{\headheight}{33.13278pt}.
(fancyhdr)                You might also make \topmargin smaller:
(fancyhdr)                \addtolength{\topmargin}{-0.13278pt}.

[125]
File: Images/1.jpeg Graphic file (type bmp)
<Images/1.jpeg>
File: Images/bk_name_vi.png Graphic file (type bmp)
<Images/bk_name_vi.png>


Package fancyhdr Warning: \headheight is too small (33.0pt): 
(fancyhdr)                Make it at least 33.13278pt, for example:
(fancyhdr)                \setlength{\headheight}{33.13278pt}.
(fancyhdr)                You might also make \topmargin smaller:
(fancyhdr)                \addtolength{\topmargin}{-0.13278pt}.

[126]
Underfull \hbox (badness 6380) in paragraph at lines 754--756
\TU/TimesNewRoman(0)/m/n/13 tra \TU/CourierNew(0)/m/n/13 input_shape \TU/TimesN
ewRoman(0)/m/n/13 trước khi chuyển đổi bằng $[][][][][][][][][][][][][][][] [] 
[][][][] []
 []


Overfull \hbox (30.86935pt too wide) in paragraph at lines 779--779
[]|\TU/TimesNewRoman(0)/m/n/11.8625 best_model_lstm_v3_ground.h5| 
 []


Overfull \hbox (79.59944pt too wide) in paragraph at lines 779--779
[]|\TU/TimesNewRoman(0)/m/n/11.8625 fall_detection_lstm_v3_ground_float.tflite|
 
 []


Underfull \hbox (badness 10000) in paragraph at lines 779--779
[]|\TU/TimesNewRoman(0)/m/n/11.8625 yolo26n-
 []


Overfull \hbox (7.79308pt too wide) in paragraph at lines 779--779
\TU/TimesNewRoman(0)/m/n/11.8625 pose_no_nms_float16.tflite| 
 []


Underfull \hbox (badness 1325) in paragraph at lines 779--779
\OT1/cmr/m/n/12 640$\TU/TimesNewRoman(0)/m/n/11.8625 , dùng để đối chiếu kích
 []


Underfull \hbox (badness 10000) in paragraph at lines 779--779
[]|\TU/TimesNewRoman(0)/m/n/11.8625 yolo26n-
 []


Overfull \hbox (7.79308pt too wide) in paragraph at lines 779--779
\TU/TimesNewRoman(0)/m/n/11.8625 pose_no_nms_float32.tflite| 
 []


Underfull \hbox (badness 2644) in paragraph at lines 779--779
[]|\TU/TimesNewRoman(0)/m/n/11.8625 Biến thể float32 tương ứng,
 []

File: Images/bk_name_vi.png Graphic file (type bmp)
<Images/bk_name_vi.png>

Package fancyhdr Warning: \headheight is too small (33.0pt): 
(fancyhdr)                Make it at least 33.13278pt, for example:
(fancyhdr)                \setlength{\headheight}{33.13278pt}.
(fancyhdr)                You might also make \topmargin smaller:
(fancyhdr)                \addtolength{\topmargin}{-0.13278pt}.

[127]
File: Images/bk_name_vi.png Graphic file (type bmp)
<Images/bk_name_vi.png>


Package fancyhdr Warning: \headheight is too small (33.0pt): 
(fancyhdr)                Make it at least 33.13278pt, for example:
(fancyhdr)                \setlength{\headheight}{33.13278pt}.
(fancyhdr)                You might also make \topmargin smaller:
(fancyhdr)                \addtolength{\topmargin}{-0.13278pt}.

[128]
File: Images/bk_name_vi.png Graphic file (type bmp)
<Images/bk_name_vi.png>


Package fancyhdr Warning: \headheight is too small (33.0pt): 
(fancyhdr)                Make it at least 33.13278pt, for example:
(fancyhdr)                \setlength{\headheight}{33.13278pt}.
(fancyhdr)                You might also make \topmargin smaller:
(fancyhdr)                \addtolength{\topmargin}{-0.13278pt}.

[129])
File: Images/bk_name_vi.png Graphic file (type bmp)
<Images/bk_name_vi.png>


Package fancyhdr Warning: \headheight is too small (33.0pt): 
(fancyhdr)                Make it at least 33.13278pt, for example:
(fancyhdr)                \setlength{\headheight}{33.13278pt}.
(fancyhdr)                You might also make \topmargin smaller:
(fancyhdr)                \addtolength{\topmargin}{-0.13278pt}.

[130] (./Contents/KetQuaVaThaoLuan.tex
File: Images/bk_name_vi.png Graphic file (type bmp)
<Images/bk_name_vi.png>


Package fancyhdr Warning: \headheight is too small (33.0pt): 
(fancyhdr)                Make it at least 33.13278pt, for example:
(fancyhdr)                \setlength{\headheight}{33.13278pt}.
(fancyhdr)                You might also make \topmargin smaller:
(fancyhdr)                \addtolength{\topmargin}{-0.13278pt}.

[131


]
Underfull \hbox (badness 10000) in paragraph at lines 61--61
[]|\TU/TimesNewRoman(0)/m/n/13 CaregiverApp
 []


Underfull \hbox (badness 4479) in paragraph at lines 63--64
[]|\TU/TimesNewRoman(0)/m/n/13 Hai model TFLite CPU/GPU và
 []


Underfull \hbox (badness 4699) in paragraph at lines 65--66
[]|\TU/TimesNewRoman(0)/m/n/13 SORT, Kalman, Hungarian, HSV
 []


Underfull \hbox (badness 10000) in paragraph at lines 69--70
[]|\TU/TimesNewRoman(0)/m/n/13 SpeechRecognizer, Groq
 []


Underfull \hbox (badness 10000) in paragraph at lines 73--74
[]|\TU/TimesNewRoman(0)/m/n/13 Caller/callee, SDP/ICE RTDB,
 []


Underfull \hbox (badness 10000) in paragraph at lines 75--76
[]|\TU/TimesNewRoman(0)/m/n/13 Joystick, RTDB,
 []


Underfull \hbox (badness 10000) in paragraph at lines 77--78
[]|\TU/TimesNewRoman(0)/m/n/13 Sketch ESP32, NimBLE,
 []


Underfull \hbox (badness 10000) in paragraph at lines 79--79
[]|\TU/TimesNewRoman(0)/m/n/13 Backend
 []


Underfull \hbox (badness 10000) in paragraph at lines 79--79
[]|\TU/TimesNewRoman(0)/m/n/13 Không
 []


Underfull \hbox (badness 10000) in paragraph at lines 79--79
\TU/TimesNewRoman(0)/m/n/13 thuộc hiện
 []


Underfull \hbox (badness 5893) in paragraph at lines 79--80
[]|\TU/TimesNewRoman(0)/m/n/13 Hệ thống dùng Firebase RTDB;
 []


Underfull \hbox (badness 6047) in paragraph at lines 79--80
\TU/TimesNewRoman(0)/m/n/13 không có broker/server signaling
 []


Underfull \hbox (badness 10000) in paragraph at lines 81--81
[]|\TU/TimesNewRoman(0)/m/n/13 Chatbot
 []


Underfull \hbox (badness 4072) in paragraph at lines 81--82
[]|\TU/TimesNewRoman(0)/m/n/13 Logic hội thoại thật chỉ nằm ở
 []


ignored: Infinite glue shrinkage found in box being split
File: Images/bk_name_vi.png Graphic file (type bmp)
<Images/bk_name_vi.png>

Package fancyhdr Warning: \headheight is too small (33.0pt): 
(fancyhdr)                Make it at least 33.13278pt, for example:
(fancyhdr)                \setlength{\headheight}{33.13278pt}.
(fancyhdr)                You might also make \topmargin smaller:
(fancyhdr)                \addtolength{\topmargin}{-0.13278pt}.

[132]
File: Images/bk_name_vi.png Graphic file (type bmp)
<Images/bk_name_vi.png>


Package fancyhdr Warning: \headheight is too small (33.0pt): 
(fancyhdr)                Make it at least 33.13278pt, for example:
(fancyhdr)                \setlength{\headheight}{33.13278pt}.
(fancyhdr)                You might also make \topmargin smaller:
(fancyhdr)                \addtolength{\topmargin}{-0.13278pt}.

[133]
Underfull \hbox (badness 1762) in paragraph at lines 127--127
[]|\TU/TimesNewRoman(0)/m/n/11.8625 Tương thích rộng,
 []


Underfull \hbox (badness 10000) in paragraph at lines 127--127
[]|\TU/TimesNewRoman(0)/m/n/11.8625 Tăng throughput
 []


Underfull \hbox (badness 10000) in paragraph at lines 127--127
[]|\TU/TimesNewRoman(0)/m/n/11.8625 Giảm dung
 []


Underfull \hbox (badness 10000) in paragraph at lines 127--127
\TU/TimesNewRoman(0)/m/n/11.8625 lượng/băng thông
 []


Underfull \hbox (badness 10000) in paragraph at lines 127--127
[]|\TU/TimesNewRoman(0)/m/n/11.8625 Tăng tính tương
 []

File: Images/bk_name_vi.png Graphic file (type bmp)
<Images/bk_name_vi.png>

Package fancyhdr Warning: \headheight is too small (33.0pt): 
(fancyhdr)                Make it at least 33.13278pt, for example:
(fancyhdr)                \setlength{\headheight}{33.13278pt}.
(fancyhdr)                You might also make \topmargin smaller:
(fancyhdr)                \addtolength{\topmargin}{-0.13278pt}.

[134]
Underfull \hbox (badness 10000) in paragraph at lines 185--185
[]|\TU/TimesNewRoman(0)/m/n/11.8625 Hình thành ứng
 []


Underfull \hbox (badness 3792) in paragraph at lines 185--185
\TU/TimesNewRoman(0)/m/n/11.8625 viên rồi loại sau
 []


Underfull \hbox (badness 1946) in paragraph at lines 185--185
[]|\TU/TimesNewRoman(0)/m/n/11.8625 Chuỗi ứng viên bị gián
 []


Underfull \hbox (badness 1270) in paragraph at lines 185--185
[]|\TU/TimesNewRoman(0)/m/n/11.8625 Mất mục tiêu sau chuỗi
 []

File: Images/bk_name_vi.png Graphic file (type bmp)
<Images/bk_name_vi.png>

Package fancyhdr Warning: \headheight is too small (33.0pt): 
(fancyhdr)                Make it at least 33.13278pt, for example:
(fancyhdr)                \setlength{\headheight}{33.13278pt}.
(fancyhdr)                You might also make \topmargin smaller:
(fancyhdr)                \addtolength{\topmargin}{-0.13278pt}.

[135]
Underfull \hbox (badness 1292) in paragraph at lines 192--193
[]\TU/TimesNewRoman(0)/m/n/13 Hai ứng dụng đều có \TU/CourierNew(0)/m/n/13 Fire
basePairPathsTest \TU/TimesNewRoman(0)/m/n/13 với cùng hai nguyên
 []


Underfull \hbox (badness 10000) in paragraph at lines 198--199
\TU/TimesNewRoman(0)/m/n/13 bởi \TU/CourierNew(0)/m/n/13 FirebasePairPaths\TU/T
imesNewRoman(0)/m/n/13 : $[][][][][] [] [][][][][][][]$, $[][][][][] [] [][][][
][][] [] [][][][][][][]$,
 []


Underfull \hbox (badness 10000) in paragraph at lines 198--199
[][] [] [][][][] [] [][][][][][][][][] [] [][][][][][][]$\TU/TimesNewRoman(0)/m
/n/13 , $[][][][][][] [] [][][][][][]$, $[][][][] [] [][][][][][]$ và
 []


Underfull \hbox (badness 1205) in paragraph at lines 198--199
[][][][] [] [][][][][][][]$ \TU/TimesNewRoman(0)/m/n/13 đều là nhánh con của \T
U/CourierNew(0)/m/n/13 pair_sessions/{uid}\TU/TimesNewRoman(0)/m/n/13 . Hồ sơ, 
lịch
 []


Overfull \hbox (1.06357pt too wide) in paragraph at lines 204--205
[]\TU/TimesNewRoman(0)/m/n/13 Tên thiết bị, UUID của service và characteristic 
trong \TU/CourierNew(0)/m/n/13 RobotControlManager
 []

File: Images/bk_name_vi.png Graphic file (type bmp)
<Images/bk_name_vi.png>

Package fancyhdr Warning: \headheight is too small (33.0pt): 
(fancyhdr)                Make it at least 33.13278pt, for example:
(fancyhdr)                \setlength{\headheight}{33.13278pt}.
(fancyhdr)                You might also make \topmargin smaller:
(fancyhdr)                \addtolength{\topmargin}{-0.13278pt}.

[136]
Underfull \hbox (badness 10000) in paragraph at lines 226--226
[]|\TU/TimesNewRoman(0)/m/n/13 Đăng nhập dùng
 []


Underfull \hbox (badness 10000) in paragraph at lines 226--226
[]|\TU/TimesNewRoman(0)/m/n/13 Đăng nhập cùng tài
 []


Underfull \hbox (badness 2922) in paragraph at lines 226--227
[]|\TU/TimesNewRoman(0)/m/n/13 Cùng UID/hồ sơ,
 []


Underfull \hbox (badness 2359) in paragraph at lines 228--228
[]|\TU/TimesNewRoman(0)/m/n/13 Tạo lịch từ caregiver,
 []


Underfull \hbox (badness 5756) in paragraph at lines 228--229
[]|\TU/TimesNewRoman(0)/m/n/13 Robot phát TTS,
 []


Underfull \hbox (badness 10000) in paragraph at lines 230--231
[]|\TU/TimesNewRoman(0)/m/n/13 STT–LLM–TTS
 []


Underfull \hbox (badness 6252) in paragraph at lines 232--232
[]|\TU/TimesNewRoman(0)/m/n/13 Chỉ một người đứng
 []


Underfull \hbox (badness 10000) in paragraph at lines 236--237
[]|\TU/TimesNewRoman(0)/m/n/13 Khôi phục trong
 []


Underfull \hbox (badness 10000) in paragraph at lines 238--239
[]|\TU/TimesNewRoman(0)/m/n/13 Không cảnh báo
 []


Underfull \hbox (badness 4582) in paragraph at lines 240--241
[]|\TU/TimesNewRoman(0)/m/n/13 Robot dừng, hỏi,
 []


Underfull \hbox (badness 10000) in paragraph at lines 242--243
[]|\TU/TimesNewRoman(0)/m/n/13 Cập nhật safe,
 []


Underfull \hbox (badness 10000) in paragraph at lines 242--243
\TU/TimesNewRoman(0)/m/n/13 không gọi khẩn
 []


Underfull \hbox (badness 10000) in paragraph at lines 244--245
[]|\TU/TimesNewRoman(0)/m/n/13 Cập nhật
 []


Underfull \hbox (badness 10000) in paragraph at lines 244--245
\TU/TimesNewRoman(0)/m/n/13 danger/no-
 []


Underfull \hbox (badness 10000) in paragraph at lines 244--245
\TU/TimesNewRoman(0)/m/n/13 response, gọi
 []


Underfull \hbox (badness 10000) in paragraph at lines 246--247
[]|\TU/TimesNewRoman(0)/m/n/13 Offer/answer/ICE,
 []


Underfull \hbox (badness 10000) in paragraph at lines 248--249
\TU/TimesNewRoman(0)/m/n/13 chia sẻ, không
 []


Underfull \hbox (badness 2941) in paragraph at lines 252--253
[]|\TU/TimesNewRoman(0)/m/n/13 Không nhận lệnh
 []


Underfull \hbox (badness 10000) in paragraph at lines 252--253
\TU/TimesNewRoman(0)/m/n/13 mới; watchdog
 []


Underfull \hbox (badness 10000) in paragraph at lines 254--254
[]|\TU/TimesNewRoman(0)/m/n/13 Tắt Bluetooth/ngắt
 []


Overfull \hbox (0.7718pt too wide) in paragraph at lines 254--255
[]|\TU/TimesNewRoman(0)/m/n/13 Callback/watchdog
 []


Underfull \hbox (badness 10000) in paragraph at lines 258--258
[]|\TU/TimesNewRoman(0)/m/n/13 NaN/vượt miền/thiếu
 []


Underfull \hbox (badness 10000) in paragraph at lines 258--259
[]|\TU/TimesNewRoman(0)/m/n/13 Không chuyển
 []


Underfull \hbox (badness 3884) in paragraph at lines 260--260
[]|\TU/TimesNewRoman(0)/m/n/13 Caregiver app ở nền,
 []


Underfull \hbox (badness 10000) in paragraph at lines 260--261
[]|\TU/TimesNewRoman(0)/m/n/13 Notification/full-
 []


ignored: Infinite glue shrinkage found in box being split
File: Images/bk_name_vi.png Graphic file (type bmp)
<Images/bk_name_vi.png>

Package fancyhdr Warning: \headheight is too small (33.0pt): 
(fancyhdr)                Make it at least 33.13278pt, for example:
(fancyhdr)                \setlength{\headheight}{33.13278pt}.
(fancyhdr)                You might also make \topmargin smaller:
(fancyhdr)                \addtolength{\topmargin}{-0.13278pt}.

[137]
ignored: Infinite glue shrinkage found in box being split
File: Images/bk_name_vi.png Graphic file (type bmp)
<Images/bk_name_vi.png>


Package fancyhdr Warning: \headheight is too small (33.0pt): 
(fancyhdr)                Make it at least 33.13278pt, for example:
(fancyhdr)                \setlength{\headheight}{33.13278pt}.
(fancyhdr)                You might also make \topmargin smaller:
(fancyhdr)                \addtolength{\topmargin}{-0.13278pt}.

[138]
File: Images/bk_name_vi.png Graphic file (type bmp)
<Images/bk_name_vi.png>


Package fancyhdr Warning: \headheight is too small (33.0pt): 
(fancyhdr)                Make it at least 33.13278pt, for example:
(fancyhdr)                \setlength{\headheight}{33.13278pt}.
(fancyhdr)                You might also make \topmargin smaller:
(fancyhdr)                \addtolength{\topmargin}{-0.13278pt}.

[139]
Overfull \hbox (9.9006pt too wide) in paragraph at lines 286--287
\TU/TimesNewRoman(0)/m/n/13 packetsLost, jitter, framesEncoded/Decoded, framesD
ropped và availableOutgoingBitrate.
 []

File: Images/bk_name_vi.png Graphic file (type bmp)
<Images/bk_name_vi.png>

Package fancyhdr Warning: \headheight is too small (33.0pt): 
(fancyhdr)                Make it at least 33.13278pt, for example:
(fancyhdr)                \setlength{\headheight}{33.13278pt}.
(fancyhdr)                You might also make \topmargin smaller:
(fancyhdr)                \addtolength{\topmargin}{-0.13278pt}.

[140]
File: Images/bk_name_vi.png Graphic file (type bmp)
<Images/bk_name_vi.png>


Package fancyhdr Warning: \headheight is too small (33.0pt): 
(fancyhdr)                Make it at least 33.13278pt, for example:
(fancyhdr)                \setlength{\headheight}{33.13278pt}.
(fancyhdr)                You might also make \topmargin smaller:
(fancyhdr)                \addtolength{\topmargin}{-0.13278pt}.

[141]
Underfull \hbox (badness 10000) in paragraph at lines 355--355
[]|$[] [] [] [] [][] [] [][][][][][] []
 []


Underfull \hbox (badness 10000) in paragraph at lines 355--355
[]|$[] [] [] [] [][] [] [][][][][][] []
 []


Underfull \hbox (badness 10000) in paragraph at lines 355--355
[][][][][][]$ \TU/TimesNewRoman(0)/m/n/11.8625 (lượng tử
 []


Underfull \hbox (badness 3078) in paragraph at lines 355--355
[]|\TU/TimesNewRoman(0)/m/n/11.8625 tối đa 0,596; trùng quyết
 []

File: Images/bk_name_vi.png Graphic file (type bmp)
<Images/bk_name_vi.png>

Package fancyhdr Warning: \headheight is too small (33.0pt): 
(fancyhdr)                Make it at least 33.13278pt, for example:
(fancyhdr)                \setlength{\headheight}{33.13278pt}.
(fancyhdr)                You might also make \topmargin smaller:
(fancyhdr)                \addtolength{\topmargin}{-0.13278pt}.

[142]
Underfull \hbox (badness 2469) in paragraph at lines 385--385
[]|\TU/TimesNewRoman(0)/b/n/11.8625 Thời gian xử lý mỗi
 []


Underfull \hbox (badness 7685) in paragraph at lines 385--385
[]|\TU/TimesNewRoman(0)/m/n/11.8625 Trích xuất khung
 []


Underfull \hbox (badness 10000) in paragraph at lines 385--385
[]|\TU/TimesNewRoman(0)/m/n/11.8625 YOLO-Pose
 []


Overfull \hbox (34.94096pt too wide) in paragraph at lines 385--385
[]|\TU/CourierNew(0)/m/n/11.8625 yolo26n-pose_no_nms_float16.tflite
 []

File: Images/bk_name_vi.png Graphic file (type bmp)
<Images/bk_name_vi.png>

Package fancyhdr Warning: \headheight is too small (33.0pt): 
(fancyhdr)                Make it at least 33.13278pt, for example:
(fancyhdr)                \setlength{\headheight}{33.13278pt}.
(fancyhdr)                You might also make \topmargin smaller:
(fancyhdr)                \addtolength{\topmargin}{-0.13278pt}.

[143]
File: Images/bk_name_vi.png Graphic file (type bmp)
<Images/bk_name_vi.png>


Package fancyhdr Warning: \headheight is too small (33.0pt): 
(fancyhdr)                Make it at least 33.13278pt, for example:
(fancyhdr)                \setlength{\headheight}{33.13278pt}.
(fancyhdr)                You might also make \topmargin smaller:
(fancyhdr)                \addtolength{\topmargin}{-0.13278pt}.

[144]
Underfull \hbox (badness 10000) in paragraph at lines 437--437
[]|\TU/TimesNewRoman(0)/m/n/11.8625 Đạt nguyên
 []


Underfull \hbox (badness 10000) in paragraph at lines 437--437
[]|\TU/TimesNewRoman(0)/m/n/11.8625 Đạt nguyên
 []


Underfull \hbox (badness 1968) in paragraph at lines 437--437
[]|\TU/TimesNewRoman(0)/m/n/11.8625 Phát hiện/xác nhận té
 []


Underfull \hbox (badness 10000) in paragraph at lines 437--437
[]|\TU/TimesNewRoman(0)/m/n/11.8625 Đạt nguyên
 []


Underfull \hbox (badness 10000) in paragraph at lines 437--437
[]|\TU/TimesNewRoman(0)/m/n/11.8625 Đạt nguyên
 []


Underfull \hbox (badness 4454) in paragraph at lines 437--437
[]|\TU/TimesNewRoman(0)/m/n/11.8625 Đánh giá định lượng
 []


Underfull \hbox (badness 10000) in paragraph at lines 437--437
[]|\TU/TimesNewRoman(0)/m/n/11.8625 Ngoài phạm
 []

File: Images/bk_name_vi.png Graphic file (type bmp)
<Images/bk_name_vi.png>

Package fancyhdr Warning: \headheight is too small (33.0pt): 
(fancyhdr)                Make it at least 33.13278pt, for example:
(fancyhdr)                \setlength{\headheight}{33.13278pt}.
(fancyhdr)                You might also make \topmargin smaller:
(fancyhdr)                \addtolength{\topmargin}{-0.13278pt}.

[145])
File: Images/bk_name_vi.png Graphic file (type bmp)
<Images/bk_name_vi.png>


Package fancyhdr Warning: \headheight is too small (33.0pt): 
(fancyhdr)                Make it at least 33.13278pt, for example:
(fancyhdr)                \setlength{\headheight}{33.13278pt}.
(fancyhdr)                You might also make \topmargin smaller:
(fancyhdr)                \addtolength{\topmargin}{-0.13278pt}.

[146] (./Contents/KetLuan.tex
File: Images/bk_name_vi.png Graphic file (type bmp)
<Images/bk_name_vi.png>


Package fancyhdr Warning: \headheight is too small (33.0pt): 
(fancyhdr)                Make it at least 33.13278pt, for example:
(fancyhdr)                \setlength{\headheight}{33.13278pt}.
(fancyhdr)                You might also make \topmargin smaller:
(fancyhdr)                \addtolength{\topmargin}{-0.13278pt}.

[147


]
File: Images/bk_name_vi.png Graphic file (type bmp)
<Images/bk_name_vi.png>


Package fancyhdr Warning: \headheight is too small (33.0pt): 
(fancyhdr)                Make it at least 33.13278pt, for example:
(fancyhdr)                \setlength{\headheight}{33.13278pt}.
(fancyhdr)                You might also make \topmargin smaller:
(fancyhdr)                \addtolength{\topmargin}{-0.13278pt}.

[148]
File: Images/bk_name_vi.png Graphic file (type bmp)
<Images/bk_name_vi.png>


Package fancyhdr Warning: \headheight is too small (33.0pt): 
(fancyhdr)                Make it at least 33.13278pt, for example:
(fancyhdr)                \setlength{\headheight}{33.13278pt}.
(fancyhdr)                You might also make \topmargin smaller:
(fancyhdr)                \addtolength{\topmargin}{-0.13278pt}.

[149])
File: Images/bk_name_vi.png Graphic file (type bmp)
<Images/bk_name_vi.png>


Package fancyhdr Warning: \headheight is too small (33.0pt): 
(fancyhdr)                Make it at least 33.13278pt, for example:
(fancyhdr)                \setlength{\headheight}{33.13278pt}.
(fancyhdr)                You might also make \topmargin smaller:
(fancyhdr)                \addtolength{\topmargin}{-0.13278pt}.

[150]
File: Images/bk_name_vi.png Graphic file (type bmp)
<Images/bk_name_vi.png>


Package fancyhdr Warning: \headheight is too small (33.0pt): 
(fancyhdr)                Make it at least 33.13278pt, for example:
(fancyhdr)                \setlength{\headheight}{33.13278pt}.
(fancyhdr)                You might also make \topmargin smaller:
(fancyhdr)                \addtolength{\topmargin}{-0.13278pt}.

[151] (./Outro/TaiLieuThamKhao.tex
Underfull \hbox (badness 2351) in paragraph at lines 5--6
[]\TU/TimesNewRoman(0)/m/n/13 General Statistics Office of Viet Nam and UNFPA V
iet Nam, “Population
 []


Underfull \hbox (badness 10000) in paragraph at lines 5--6
[][][][][][][] [] [][][][][] [] [][][][][][][][][][][][][] [] [][][][][] [] [] 
[] [][][][][][][][][][] [] [][] [] [] [] [][] []
 []


Underfull \hbox (badness 1394) in paragraph at lines 6--7
[]\TU/TimesNewRoman(0)/m/n/13 UNFPA Viet Nam, “Applying foresight to curate a c
are economy for older
 []


Underfull \hbox (badness 6708) in paragraph at lines 6--7
\TU/TimesNewRoman(0)/m/n/13 persons in Viet Nam – Executive summary,” 2025. [On
line]. Available:
 []


Underfull \hbox (badness 10000) in paragraph at lines 6--7
[][]$[][][][][] [] [] [] [][][][][][][] [] [][][][][] [] [][][] [] [][][][][] [
] [][][][][][][] [] [][][][][] [] [][][][][][][][] []
 []


Underfull \hbox (badness 10000) in paragraph at lines 6--7
[][][][][][][][] [] [][][][][][][][] [] [][][][][][][][][][][] [] [][][][] [] [
][][][][][][][] [] [][][] [] [][][][][][] []
 []


Underfull \hbox (badness 1337) in paragraph at lines 9--10
[]\TU/TimesNewRoman(0)/m/n/13 World Health Organization, “Mental health of olde
r adults,” 2025. [Online].
 []


Underfull \hbox (badness 10000) in paragraph at lines 9--10
\TU/TimesNewRoman(0)/m/n/13 Available: [][]$[][][][][] [] [] [] [][][] [] [][][
] [] [][][] [] [][][][][][][][][][] [] [][][][][][][][][][][][] []
 []

File: Images/bk_name_vi.png Graphic file (type bmp)
<Images/bk_name_vi.png>

Package fancyhdr Warning: \headheight is too small (33.0pt): 
(fancyhdr)                Make it at least 33.13278pt, for example:
(fancyhdr)                \setlength{\headheight}{33.13278pt}.
(fancyhdr)                You might also make \topmargin smaller:
(fancyhdr)                \addtolength{\topmargin}{-0.13278pt}.

[152



]
Underfull \hbox (badness 2726) in paragraph at lines 14--15
[]\TU/TimesNewRoman(0)/m/n/13 L. Liu et al., “A hybrid human fall detection met
hod based on modified
 []


Underfull \hbox (badness 1478) in paragraph at lines 20--21
[]\TU/TimesNewRoman(0)/m/n/13 F. S. Butt et al., “Fall detection from electroca
rdiogram (ECG) signals and
 []

File: Images/bk_name_vi.png Graphic file (type bmp)
<Images/bk_name_vi.png>

Package fancyhdr Warning: \headheight is too small (33.0pt): 
(fancyhdr)                Make it at least 33.13278pt, for example:
(fancyhdr)                \setlength{\headheight}{33.13278pt}.
(fancyhdr)                You might also make \topmargin smaller:
(fancyhdr)                \addtolength{\topmargin}{-0.13278pt}.

[153]
Underfull \hbox (badness 4595) in paragraph at lines 24--25
\TU/TimesNewRoman(0)/m/n/13 radar and a hybrid variational RNN autoencoder,” \T
U/TimesNewRoman(0)/m/it/13 IEEE Transactions on
 []


Underfull \hbox (badness 3219) in paragraph at lines 26--27
[]\TU/TimesNewRoman(0)/m/n/13 A. Núñez-Marcos, G. Azkune, and I. Arganda-Carrer
as, “Vision-based fall
 []


Underfull \hbox (badness 1048) in paragraph at lines 26--27
\TU/TimesNewRoman(0)/m/n/13 detection with convolutional neural networks,” \TU/
TimesNewRoman(0)/m/it/13 Wireless Communications and
 []


Underfull \hbox (badness 1087) in paragraph at lines 27--28
\TU/TimesNewRoman(0)/m/n/13 pose estimation and the usage of synthetic data for
 elderly fall detection in
 []


Underfull \hbox (badness 1009) in paragraph at lines 27--28
\TU/TimesNewRoman(0)/m/n/13 real-world surveillance,” \TU/TimesNewRoman(0)/m/it
/13 IEEE Access\TU/TimesNewRoman(0)/m/n/13 , vol. 10, pp. 94249–94261, 2022, do
i:
 []


Underfull \hbox (badness 10000) in paragraph at lines 28--29
[]\TU/TimesNewRoman(0)/m/n/13 S. Hochreiter and J. Schmidhuber, “Long short-ter
m memory,” \TU/TimesNewRoman(0)/m/it/13 Neural
 []


Underfull \hbox (badness 1226) in paragraph at lines 32--33
\TU/TimesNewRoman(0)/m/it/13 Proc. ACM SIGGRAPH\TU/TimesNewRoman(0)/m/n/13 , Lo
s Angeles, CA, USA, 2001. [Online]. Available:
 []


Underfull \hbox (badness 10000) in paragraph at lines 32--33
[][]$[][][][][] [] [] [] [][][] [] [][][][][][] [] [][][] [] [][][][][][][][] [
] [][][][][][][] [] [][][][][][][][][][] []
 []

File: Images/bk_name_vi.png Graphic file (type bmp)
<Images/bk_name_vi.png>

Package fancyhdr Warning: \headheight is too small (33.0pt): 
(fancyhdr)                Make it at least 33.13278pt, for example:
(fancyhdr)                \setlength{\headheight}{33.13278pt}.
(fancyhdr)                You might also make \topmargin smaller:
(fancyhdr)                \addtolength{\topmargin}{-0.13278pt}.

[154]
Underfull \hbox (badness 1281) in paragraph at lines 34--35
[]\TU/TimesNewRoman(0)/m/n/13 N. Wojke, A. Bewley, and D. Paulus, “Simple onlin
e and realtime tracking
 []


Underfull \hbox (badness 10000) in paragraph at lines 37--38
[]\TU/TimesNewRoman(0)/m/n/13 Google, “SpeechRecognizer,” Android Developers, [
Online]. Available:
 []


Underfull \hbox (badness 10000) in paragraph at lines 37--38
[][]$[][][][][] [] [] [] [][][][][][][][][] [] [][][][][][][] [] [][][] [] [][]
[][][][][][][] [] [][][][][][][] [] [][][][][][] []
 []


Underfull \hbox (badness 2197) in paragraph at lines 38--39
[]\TU/TimesNewRoman(0)/m/n/13 Google, “TextToSpeech,” Android Developers, [Onli
ne]. Available: [][]$[][][][][] []
 []


Underfull \hbox (badness 10000) in paragraph at lines 38--39
[] [] [][][][][][][][][] [] [][][][][][][] [] [][][] [] [][][][][][][][][] [] [
][][][][][][] [] [][][][][][] [] [][][] []
 []


Underfull \hbox (badness 1132) in paragraph at lines 39--40
[]\TU/TimesNewRoman(0)/m/n/13 Alpha Cephei, “Vosk offline speech recognition AP
I for Android,” [Online].
 []


Underfull \hbox (badness 10000) in paragraph at lines 39--40
\TU/TimesNewRoman(0)/m/n/13 Available: [][]$[][][][][] [] [] [] [][][][][][][][
][][][] [] [][][] [] [][][][] [] [][][][][][][]$[][]. [Accessed:
 []


Underfull \hbox (badness 10000) in paragraph at lines 40--41
[] [] [][][][][][][] [] [][][][][][] [] [][] [] [][][][][][] [] [][][][] [] [][
][][][][][] [] [][][][][][][][][][][][][] []
 []


Underfull \hbox (badness 2426) in paragraph at lines 41--42
[]\TU/TimesNewRoman(0)/m/n/13 Microsoft, “About the Speech SDK,” Microsoft Lear
n, [Online]. Available:
 []


Underfull \hbox (badness 10000) in paragraph at lines 41--42
[][]$[][][][][] [] [] [] [][][][][] [] [][][][][][][][][] [] [][][] [] [][][][]
[][] [] [][][][][] [] [][][][][][][][][][][][] []
 []


Underfull \hbox (badness 3536) in paragraph at lines 42--43
\TU/TimesNewRoman(0)/m/n/13 [Online]. Available: [][]$[][][][][] [] [] [] [][][
][][] [] [][][][][][][][][] [] [][][] [] [][][][][][] [] [][][][][] []
 []


Underfull \hbox (badness 10000) in paragraph at lines 42--43
[][][][][][][][][][][][] [] [][][][][][][][][][][][][][][] [] [][][][][][][][][
][][][][][][][][]$[][]\TU/TimesNewRoman(0)/m/n/13 . [Accessed:
 []


Underfull \hbox (badness 10000) in paragraph at lines 43--44
[]\TU/TimesNewRoman(0)/m/n/13 Groq, “API reference: Chat completions,” [Online]
. Available: [][]$[][][][][] []
 []


Underfull \hbox (badness 10000) in paragraph at lines 43--44
[] [] [][][][][][][] [] [][][][] [] [][][] [] [][][][] [] [][][][][][][][][][][
][][][]$[][]\TU/TimesNewRoman(0)/m/n/13 . [Accessed: 31-Aug-
 []

File: Images/bk_name_vi.png Graphic file (type bmp)
<Images/bk_name_vi.png>

Package fancyhdr Warning: \headheight is too small (33.0pt): 
(fancyhdr)                Make it at least 33.13278pt, for example:
(fancyhdr)                \setlength{\headheight}{33.13278pt}.
(fancyhdr)                You might also make \topmargin smaller:
(fancyhdr)                \addtolength{\topmargin}{-0.13278pt}.

[155]
Underfull \hbox (badness 1546) in paragraph at lines 44--45
[]\TU/TimesNewRoman(0)/m/n/13 Groq, “Rate limits,” [Online]. Available: [][]$[]
[][][][] [] [] [] [][][][][][][] [] [][][][] [] [][][] []
 []


Underfull \hbox (badness 4752) in paragraph at lines 50--51
[]\TU/TimesNewRoman(0)/m/n/13 OpenBot Foundation, “OpenBot source-code reposito
ry,” GitHub. [Online].
 []


Underfull \hbox (badness 1708) in paragraph at lines 52--53
[]\TU/TimesNewRoman(0)/m/n/13 OpenBot Foundation, “OpenBot firmware,” GitHub do
cumentation. [Online].
 []

File: Images/bk_name_vi.png Graphic file (type bmp)
<Images/bk_name_vi.png>

Package fancyhdr Warning: \headheight is too small (33.0pt): 
(fancyhdr)                Make it at least 33.13278pt, for example:
(fancyhdr)                \setlength{\headheight}{33.13278pt}.
(fancyhdr)                You might also make \topmargin smaller:
(fancyhdr)                \addtolength{\topmargin}{-0.13278pt}.

[156]
Overfull \hbox (19.5383pt too wide) in paragraph at lines 63--64
\TU/TimesNewRoman(0)/m/n/13 mobile vision applications,” \TU/TimesNewRoman(0)/m
/it/13 arXiv:1704.04861\TU/TimesNewRoman(0)/m/n/13 , 2017, doi: 10.48550/arXiv.
1704.04861. 
 []


Underfull \hbox (badness 1019) in paragraph at lines 64--65
[]\TU/TimesNewRoman(0)/m/n/13 M. Tan, R. Pang, and Q. V. Le, “EfficientDet: Sca
lable and efficient object
 []


Underfull \hbox (badness 1325) in paragraph at lines 64--65
\TU/TimesNewRoman(0)/m/n/13 detection,” in \TU/TimesNewRoman(0)/m/it/13 Proc. I
EEE/CVF Conference on Computer Vision and Pattern
 []


Overfull \hbox (10.54906pt too wide) in paragraph at lines 64--65
\TU/TimesNewRoman(0)/m/it/13 Recognition (CVPR)\TU/TimesNewRoman(0)/m/n/13 , 20
20, pp. 10781–10790, doi: 10.1109/CVPR42600.2020.01079. 
 []


Underfull \hbox (badness 10000) in paragraph at lines 65--66
[]\TU/TimesNewRoman(0)/m/n/13 J. Redmon and A. Farhadi, “YOLOv3: An incremental
 improvement,”
 []


Underfull \hbox (badness 10000) in paragraph at lines 67--68
[]\TU/TimesNewRoman(0)/m/n/13 Ultralytics, “YOLO architecture explained,” [Onli
ne]. Available: [][]$[][][][][] []
 []


Underfull \hbox (badness 10000) in paragraph at lines 67--68
[] [] [][][][] [] [][][][][][][][][][][] [] [][][] [] [][][][][][] [] [][][][][
][][][][][][][][][][][][][][]$[][]\TU/TimesNewRoman(0)/m/n/13 .
 []

File: Images/bk_name_vi.png Graphic file (type bmp)
<Images/bk_name_vi.png>

Package fancyhdr Warning: \headheight is too small (33.0pt): 
(fancyhdr)                Make it at least 33.13278pt, for example:
(fancyhdr)                \setlength{\headheight}{33.13278pt}.
(fancyhdr)                You might also make \topmargin smaller:
(fancyhdr)                \addtolength{\topmargin}{-0.13278pt}.

[157]
Underfull \hbox (badness 10000) in paragraph at lines 68--69
\TU/TimesNewRoman(0)/m/n/13 Real-time end-to-end object detection,” \TU/TimesNe
wRoman(0)/m/it/13 arXiv:2405.14458\TU/TimesNewRoman(0)/m/n/13 , 2024, doi:
 []


Underfull \hbox (badness 10000) in paragraph at lines 71--72
[][]$[][][][][] [] [] [] [][][][][][] [] [][][] [] [][][][][][][][][][][] [] []
[][][][][][][][][][] [] [][][][] [] [][][][] []
 []


Underfull \hbox (badness 10000) in paragraph at lines 71--72
[][][][][][][][][][][] [] [][][] [] [][][][][][] [] [][] [] [][][][][][][][][][
][][] [] [][][][]$[][]\TU/TimesNewRoman(0)/m/n/13 . [Accessed:
 []


Underfull \hbox (badness 10000) in paragraph at lines 74--75
\TU/TimesNewRoman(0)/m/n/13 devices,” [Online]. Available: [][]$[][][][][] [] [
] [] [][][] [] [][][][][][][][][][] [] [][][] [] [][][][]$[][].
 []


Underfull \hbox (badness 7832) in paragraph at lines 75--76
[]\TU/TimesNewRoman(0)/m/n/13 Google Firebase, “Firebase Authentication,” [Onli
ne]. Available: [][]$[][][][][] []
 []


Overfull \hbox (2.5222pt too wide) in paragraph at lines 77--78
[]\TU/TimesNewRoman(0)/m/n/13 W3C, “WebRTC: Real-Time Communication in Browsers
,” W3C Recommendation,
 []

File: Images/bk_name_vi.png Graphic file (type bmp)
<Images/bk_name_vi.png>

Package fancyhdr Warning: \headheight is too small (33.0pt): 
(fancyhdr)                Make it at least 33.13278pt, for example:
(fancyhdr)                \setlength{\headheight}{33.13278pt}.
(fancyhdr)                You might also make \topmargin smaller:
(fancyhdr)                \addtolength{\topmargin}{-0.13278pt}.

[158]
Underfull \hbox (badness 10000) in paragraph at lines 78--79
[]\TU/TimesNewRoman(0)/m/n/13 A. Keränen, C. Holmberg, and J. Rosenberg, “Inter
active Connectivity
 []


Underfull \hbox (badness 10000) in paragraph at lines 81--82
[]\TU/TimesNewRoman(0)/m/n/13 Bluetooth SIG, “Bluetooth Core Specification,” [O
nline]. Available:
 []


Underfull \hbox (badness 10000) in paragraph at lines 81--82
[][]$[][][][][] [] [] [] [][][] [] [][][][][][][][][] [] [][][] [] [][][][][][]
[][][][][][][][] [] [][][][][] []
 []


Underfull \hbox (badness 4765) in paragraph at lines 83--84
[]\TU/TimesNewRoman(0)/m/n/13 Ultralytics, “Pose estimation with Ultralytics YO
LO,” [Online]. Available:
 []


Underfull \hbox (badness 3098) in paragraph at lines 83--84
[][]$[][][][][] [] [] [] [][][][] [] [][][][][][][][][][][] [] [][][] [] [][][]
[][] [] [][][][][]$[][]\TU/TimesNewRoman(0)/m/n/13 . [Accessed: 07-Sep-
 []


Underfull \hbox (badness 3078) in paragraph at lines 84--85
[]\TU/TimesNewRoman(0)/m/n/13 Google Firebase, “Understand Firebase Realtime Da
tabase Security Rules,”
 []


Underfull \hbox (badness 10000) in paragraph at lines 84--85
\TU/TimesNewRoman(0)/m/n/13 [Online]. Available: [][]$[][][][][] [] [] [] [][][
][][][][][] [] [][][][][][] [] [][][] [] [][][][] []
 []


Underfull \hbox (badness 4505) in paragraph at lines 87--88
[]\TU/TimesNewRoman(0)/m/n/13 Google, “Bluetooth permissions,” Android Develope
rs. [Online]. Available:
 []


Underfull \hbox (badness 10000) in paragraph at lines 87--88
[][]$[][][][][] [] [] [] [][][][][][][][][] [] [][][][][][][] [] [][][] [] [][]
[][][][][] [] [][][][][][][][][][][][] []
 []


Underfull \hbox (badness 5431) in paragraph at lines 88--89
[]\TU/TimesNewRoman(0)/m/n/13 Google, “CameraX architecture,” Android Developer
s. [Online]. Available:
 []

)
File: Images/bk_name_vi.png Graphic file (type bmp)
<Images/bk_name_vi.png>


Package fancyhdr Warning: \headheight is too small (33.0pt): 
(fancyhdr)                Make it at least 33.13278pt, for example:
(fancyhdr)                \setlength{\headheight}{33.13278pt}.
(fancyhdr)                You might also make \topmargin smaller:
(fancyhdr)                \addtolength{\topmargin}{-0.13278pt}.

[159] (./Outro/PhuLuc.tex

Package hyperref Warning: The anchor of a bookmark and its parent's must not
(hyperref)                be the same. Added a new anchor on input line 4.

File: Images/bk_name_vi.png Graphic file (type bmp)
<Images/bk_name_vi.png>

Package fancyhdr Warning: \headheight is too small (33.0pt): 
(fancyhdr)                Make it at least 33.13278pt, for example:
(fancyhdr)                \setlength{\headheight}{33.13278pt}.
(fancyhdr)                You might also make \topmargin smaller:
(fancyhdr)                \addtolength{\topmargin}{-0.13278pt}.

[160



]
Underfull \hbox (badness 3758) in paragraph at lines 76--77
[]|\TU/TimesNewRoman(0)/m/n/13 ReminderService tạo log delivered; phát sự kiện;

 []


Underfull \hbox (badness 10000) in paragraph at lines 76--77
\TU/TimesNewRoman(0)/m/n/13 chatbot phát TTS; nghe phản hồi; cập nhật
 []


ignored: Infinite glue shrinkage found in box being split
File: Images/bk_name_vi.png Graphic file (type bmp)
<Images/bk_name_vi.png>

Package fancyhdr Warning: \headheight is too small (33.0pt): 
(fancyhdr)                Make it at least 33.13278pt, for example:
(fancyhdr)                \setlength{\headheight}{33.13278pt}.
(fancyhdr)                You might also make \topmargin smaller:
(fancyhdr)                \addtolength{\topmargin}{-0.13278pt}.

[161]
ignored: Infinite glue shrinkage found in box being split
File: Images/bk_name_vi.png Graphic file (type bmp)
<Images/bk_name_vi.png>


Package fancyhdr Warning: \headheight is too small (33.0pt): 
(fancyhdr)                Make it at least 33.13278pt, for example:
(fancyhdr)                \setlength{\headheight}{33.13278pt}.
(fancyhdr)                You might also make \topmargin smaller:
(fancyhdr)                \addtolength{\topmargin}{-0.13278pt}.

[162]
Underfull \hbox (badness 10000) in paragraph at lines 150--151
[]|\TU/TimesNewRoman(0)/m/n/13 Người cao tuổi/RobotApp; người chăm
 []

File: Images/bk_name_vi.png Graphic file (type bmp)
<Images/bk_name_vi.png>

Package fancyhdr Warning: \headheight is too small (33.0pt): 
(fancyhdr)                Make it at least 33.13278pt, for example:
(fancyhdr)                \setlength{\headheight}{33.13278pt}.
(fancyhdr)                You might also make \topmargin smaller:
(fancyhdr)                \addtolength{\topmargin}{-0.13278pt}.

[163]
File: Images/bk_name_vi.png Graphic file (type bmp)
<Images/bk_name_vi.png>


Package fancyhdr Warning: \headheight is too small (33.0pt): 
(fancyhdr)                Make it at least 33.13278pt, for example:
(fancyhdr)                \setlength{\headheight}{33.13278pt}.
(fancyhdr)                You might also make \topmargin smaller:
(fancyhdr)                \addtolength{\topmargin}{-0.13278pt}.

[164]
Underfull \hbox (badness 3792) in paragraph at lines 281--281
[]|\TU/CourierNew(0)/m/n/13 L<left>R<right>\n\TU/TimesNewRoman(0)/m/n/13 , ASCI
I/UTF-8, dấu chấm thập
 []


Underfull \hbox (badness 10000) in paragraph at lines 317--317
[]|\TU/TimesNewRoman(0)/m/n/13 TrackingService/
 []


Underfull \hbox (badness 7133) in paragraph at lines 317--318
[]|\TU/TimesNewRoman(0)/m/n/13 Chuyển sự kiện giữa tracking/reminder và
 []


Underfull \hbox (badness 10000) in paragraph at lines 321--321
[]|\TU/TimesNewRoman(0)/m/n/13 SpeechRecognizer
 []


Underfull \hbox (badness 3590) in paragraph at lines 329--330
[]|\TU/TimesNewRoman(0)/m/n/13 PeerConnection, signaling, media và camera
 []

File: Images/bk_name_vi.png Graphic file (type bmp)
<Images/bk_name_vi.png>

Package fancyhdr Warning: \headheight is too small (33.0pt): 
(fancyhdr)                Make it at least 33.13278pt, for example:
(fancyhdr)                \setlength{\headheight}{33.13278pt}.
(fancyhdr)                You might also make \topmargin smaller:
(fancyhdr)                \addtolength{\topmargin}{-0.13278pt}.

[165]
ignored: Infinite glue shrinkage found in box being split
File: Images/bk_name_vi.png Graphic file (type bmp)
<Images/bk_name_vi.png>


Package fancyhdr Warning: \headheight is too small (33.0pt): 
(fancyhdr)                Make it at least 33.13278pt, for example:
(fancyhdr)                \setlength{\headheight}{33.13278pt}.
(fancyhdr)                You might also make \topmargin smaller:
(fancyhdr)                \addtolength{\topmargin}{-0.13278pt}.

[166]
Underfull \hbox (badness 10000) in paragraph at lines 353--353
[]|\TU/TimesNewRoman(0)/m/n/13 Schedule/
 []


Underfull \hbox (badness 10000) in paragraph at lines 355--355
[]|\TU/TimesNewRoman(0)/m/n/13 ScheduleAdapter/
 []


Underfull \hbox (badness 10000) in paragraph at lines 357--357
[]|\TU/TimesNewRoman(0)/m/n/13 Diary*Fragment/
 []

File: Images/bk_name_vi.png Graphic file (type bmp)
<Images/bk_name_vi.png>

Package fancyhdr Warning: \headheight is too small (33.0pt): 
(fancyhdr)                Make it at least 33.13278pt, for example:
(fancyhdr)                \setlength{\headheight}{33.13278pt}.
(fancyhdr)                You might also make \topmargin smaller:
(fancyhdr)                \addtolength{\topmargin}{-0.13278pt}.

[167]
File: Images/bk_name_vi.png Graphic file (type bmp)
<Images/bk_name_vi.png>


Package fancyhdr Warning: \headheight is too small (33.0pt): 
(fancyhdr)                Make it at least 33.13278pt, for example:
(fancyhdr)                \setlength{\headheight}{33.13278pt}.
(fancyhdr)                You might also make \topmargin smaller:
(fancyhdr)                \addtolength{\topmargin}{-0.13278pt}.

[168]
Underfull \hbox (badness 1112) in paragraph at lines 421--422
[]\TU/TimesNewRoman(0)/m/n/13 Trong Arduino IDE, chọn ESP32 Dev Module; cài Sim
pleFOC phiên bản
 []


Underfull \hbox (badness 10000) in paragraph at lines 434--434
[]|\TU/TimesNewRoman(0)/m/n/13 Commit/model
 []


Underfull \hbox (badness 10000) in paragraph at lines 440--440
[]|\TU/TimesNewRoman(0)/m/n/13 Mạng/BLE/
 []


Overfull \hbox (2.83946pt too wide) in paragraph at lines 452--452
[]|\TU/TimesNewRoman(0)/m/n/13 Pass/Fail/Blocked| 
 []


Underfull \hbox (badness 10000) in paragraph at lines 471--471
[]|\TU/TimesNewRoman(0)/m/n/13 Drop frame
 []


Underfull \hbox (badness 10000) in paragraph at lines 487--487
[]|\TU/TimesNewRoman(0)/m/n/13 Cảnh báo
 []


Underfull \hbox (badness 1939) in paragraph at lines 487--487
[]|\TU/TimesNewRoman(0)/m/n/13 Pose + LSTM +
 []


Underfull \hbox (badness 10000) in paragraph at lines 505--505
[]|\TU/TimesNewRoman(0)/m/n/13 Caregiver tới
 []


Underfull \hbox (badness 10000) in paragraph at lines 505--505
[]|\TU/TimesNewRoman(0)/m/n/13 RobotApp tới BLE
 []


Underfull \hbox (badness 2165) in paragraph at lines 505--505
[]|\TU/TimesNewRoman(0)/m/n/13 Thời gian dừng khi
 []


Underfull \hbox (badness 2165) in paragraph at lines 505--505
[]|\TU/TimesNewRoman(0)/m/n/13 Thời gian dừng khi
 []

File: Images/bk_name_vi.png Graphic file (type bmp)
<Images/bk_name_vi.png>

Package fancyhdr Warning: \headheight is too small (33.0pt): 
(fancyhdr)                Make it at least 33.13278pt, for example:
(fancyhdr)                \setlength{\headheight}{33.13278pt}.
(fancyhdr)                You might also make \topmargin smaller:
(fancyhdr)                \addtolength{\topmargin}{-0.13278pt}.

[169]
File: Images/bk_name_vi.png Graphic file (type bmp)
<Images/bk_name_vi.png>


Package fancyhdr Warning: \headheight is too small (33.0pt): 
(fancyhdr)                Make it at least 33.13278pt, for example:
(fancyhdr)                \setlength{\headheight}{33.13278pt}.
(fancyhdr)                You might also make \topmargin smaller:
(fancyhdr)                \addtolength{\topmargin}{-0.13278pt}.

[170])
File: Images/bk_name_vi.png Graphic file (type bmp)
<Images/bk_name_vi.png>


Package fancyhdr Warning: \headheight is too small (33.0pt): 
(fancyhdr)                Make it at least 33.13278pt, for example:
(fancyhdr)                \setlength{\headheight}{33.13278pt}.
(fancyhdr)                You might also make \topmargin smaller:
(fancyhdr)                \addtolength{\topmargin}{-0.13278pt}.

[171] 
enddocument/afterlastpage (AED): lastpage setting LastPage.
(./main.aux)
 ***********
LaTeX2e <2025-11-01>
L3 programming layer <2026-01-19>
 ***********


LaTeX Font Warning: Size substitutions with differences
(Font)              up to 1.0pt have occurred.

Package rerunfilecheck Info: File `main.out' has not changed.
(rerunfilecheck)             Checksum: 88A5DC87386BB16D9BF25C7C1A2DF72C;53371.
 ) 
Here is how much of TeX's memory you used:
 33618 strings out of 468168
 687303 string characters out of 5432816
 1299018 words of memory out of 5000000
 61596 multiletter control sequences out of 15000+600000
 639033 words of font info for 152 fonts, out of 8000000 for 9000
 1348 hyphenation exceptions out of 8191
 109i,16n,132p,1162b,1904s stack positions out of 10000i,1000n,20000p,200000b,200000s

Output written on main.xdv (193 pages, 3778460 bytes).
